0,LEIX,Always,2,0.95,292,1168,1460,0.0364750914258,5.03084321337e-05,0.342923499395,0.0435837640065,0.196531035852
1,LEIX,Always,2,0.95,292,1168,1460,0.0335093614116,0.000203629666009,0.305268398697,0.0397514546724,inf
2,LEIX,Always,2,0.95,292,1168,1460,0.0382728067924,7.23409078168e-05,0.415783899256,0.0504986861827,0.199998555856
3,LEIX,Always,2,0.95,292,1168,1460,0.0331680746966,2.91030487226e-05,0.520171643103,0.049523827948,0.186281804259
4,LEIX,Always,2,0.95,292,1168,1460,0.0356060843572,1.01062191743e-05,0.174652728925,0.0353094602573,0.863115950093
5,LEIX,Always,2,0.75,292,1168,1460,0.0419447839482,3.3038895218e-05,0.61275908404,0.0665774839009,0.189932330676
6,LEIX,Always,2,0.75,292,1168,1460,0.0332693472247,0.000205160475219,0.225643445484,0.0363086111149,0.220408694402
7,LEIX,Always,2,0.75,292,1168,1460,0.0346521444552,8.46446145638e-05,0.344023012283,0.0410301891076,inf
8,LEIX,Always,2,0.75,292,1168,1460,0.033594212462,0.000254580391028,0.300061421404,0.0363831120468,0.18168579647
9,LEIX,Always,2,0.75,292,1168,1460,0.036993772327,0.0,0.482403546994,0.0519111961162,0.271312984973
10,LEIX,Always,2,0.6,292,1168,1460,0.0361405089703,0.00051519482159,0.329605863844,0.0402919638198,0.238317307898
11,LEIX,Always,2,0.6,292,1168,1460,0.0322302011557,3.3025580552e-05,0.257512664142,0.0361291147097,0.161952061076
12,LEIX,Always,2,0.6,292,1168,1460,0.0313469701027,0.0,0.476868398101,0.0391235760053,0.182655114286
13,LEIX,Always,2,0.6,292,1168,1460,0.0380301512723,5.1595247105e-05,0.391413502182,0.0456000018475,inf
14,LEIX,Always,2,0.6,292,1168,1460,0.0391440011395,5.66916611469e-05,0.607364163218,0.0665426520405,0.923075548601
15,LEIX,Always,2,0.5,292,1168,1460,0.0340412903058,5.46643945531e-06,0.331195367347,0.0401714170999,0.836179307732
16,LEIX,Always,2,0.5,292,1168,1460,0.0344942099091,4.53679845226e-05,0.275936473696,0.0375683722017,inf
17,LEIX,Always,2,0.5,292,1168,1460,0.0396429465345,6.07376084724e-05,0.444162861628,0.0583182181932,0.200818276717
18,LEIX,Always,2,0.5,292,1168,1460,0.0356298878581,0.000123633222687,0.252274741755,0.0360977715774,0.244387940344
19,LEIX,Always,2,0.5,292,1168,1460,0.0352167252601,9.99324343783e-05,0.218642663422,0.0353954460587,0.261027227965
20,LEIX,Always,3,0.95,292,1168,1460,102644045.251,4.41173375159e-05,29972061202.7,1750976243.49,610859314.063
21,LEIX,Always,3,0.95,292,1168,1460,0.0346391889987,0.000295245374636,0.296747798929,0.0388878049121,inf
22,LEIX,Always,3,0.95,292,1168,1460,82907787.2708,3.96594168156e-05,24209073871.3,1414300903.06,523241872.272
23,LEIX,Always,3,0.95,292,1168,1460,0.0384169729134,3.46224192281e-05,0.492594161514,0.0517268159726,0.219288623797
24,LEIX,Always,3,0.95,292,1168,1460,0.032382865302,4.01589298953e-05,0.211999911108,0.0343935991883,0.941021328515
25,LEIX,Always,3,0.75,292,1168,1460,0.0319617196472,0.000144200670576,0.202998266173,0.0334813777317,0.25158248431
26,LEIX,Always,3,0.75,292,1168,1460,0.0334443157449,0.000251087259018,0.287895478608,0.0369017187886,0.228262514178
27,LEIX,Always,3,0.75,292,1168,1460,99373549.8512,5.91777604823e-05,29017076546.3,1695185771.32,591395812.128
28,LEIX,Always,3,0.75,292,1168,1460,0.0383042691641,4.0117891251e-06,0.384265677313,0.0449580863686,inf
29,LEIX,Always,3,0.75,292,1168,1460,0.0418935830611,3.61827306503e-05,0.547491153743,0.0615302506337,0.203763292258
30,LEIX,Always,3,0.6,292,1168,1460,0.0319219309595,2.22017325406e-05,0.638405859385,0.0482572400983,0.19959198108
31,LEIX,Always,3,0.6,292,1168,1460,0.0372965298857,1.97858133265e-05,0.28591892273,0.0444495105654,0.804660503673
32,LEIX,Always,3,0.6,292,1168,1460,0.0392456948238,4.28227690141e-07,0.604724228786,0.0594607548317,inf
33,LEIX,Always,3,0.6,292,1168,1460,0.0384382202711,0.000170148192116,0.434284556552,0.0441734988208,0.213821075185
34,LEIX,Always,3,0.6,292,1168,1460,0.03578298699,5.14697822566e-05,0.306646151997,0.0368148451214,0.294355235649
35,LEIX,Always,3,0.5,292,1168,1460,101691011.003,0.00023934451188,29693775199.8,1734718696.94,605187578.809
36,LEIX,Always,3,0.5,292,1168,1460,5428096.18936,5.00506324291e-06,1585004077.49,92596383.9019,34257423.912
37,LEIX,Always,3,0.5,292,1168,1460,0.0377418490137,8.07946228934e-06,0.302046775111,0.0455489273783,0.828067214135
38,LEIX,Always,3,0.5,292,1168,1460,0.0366541243703,2.84746530188e-05,0.448798267083,0.0384391210801,0.203277652819
39,LEIX,Always,3,0.5,292,1168,1460,0.0370646033415,1.00667163307e-05,0.260301698149,0.0406303012229,inf
40,LEIX,Always,5,0.95,292,1168,1460,46724282.8967,0.000114928670806,8839786743.31,586836983.638,242129821.608
41,LEIX,Always,5,0.95,292,1168,1460,278319403.206,3.91998697773e-05,81269265723.7,4747773356.17,1756510099.13
42,LEIX,Always,5,0.95,292,1168,1460,0.0327251605606,9.89058475315e-05,0.170190843198,0.0326206470616,inf
43,LEIX,Always,5,0.95,292,1168,1460,0.0339925949023,0.000183507204871,0.279827588702,0.038131526702,0.158102722947
44,LEIX,Always,5,0.95,292,1168,1460,0.0410991265515,0.000215422075432,0.449558978223,0.0492756213817,1.10670902628
45,LEIX,Always,5,0.75,292,1168,1460,0.0350759797319,4.11871788221e-05,0.301461580601,0.0385044345955,0.246947163215
46,LEIX,Always,5,0.75,292,1168,1460,2460041.58716,0.000208772036604,542138615.06,33268897.5413,16006745.6854
47,LEIX,Always,5,0.75,292,1168,1460,0.0392151458861,0.000142914181026,0.482619628661,0.0487785104697,0.215622761974
48,LEIX,Always,5,0.75,292,1168,1460,64037914.0154,0.00018466003092,12117045723.1,804415049.02,331825368.498
49,LEIX,Always,5,0.75,292,1168,1460,0.0375792848213,4.13593501039e-05,0.463681312848,0.0476760163701,inf
50,LEIX,Always,5,0.6,292,1168,1460,11899580.6132,2.7397683729e-05,1227648764.84,100116080.682,inf
51,LEIX,Always,5,0.6,292,1168,1460,148109491.494,0.000141324411975,43247971506.5,2526558656.57,895496598.123
52,LEIX,Always,5,0.6,292,1168,1460,0.0388797103087,0.000194970278351,0.331133064052,0.0492535053061,0.222901814769
53,LEIX,Always,5,0.6,292,1168,1460,0.0400469567959,6.29231022864e-05,0.591199190762,0.0568155669562,0.21014715668
54,LEIX,Always,5,0.6,292,1168,1460,65295.3937736,3.49739781909e-05,19066242.7204,1113855.25861,334418.386837
55,LEIX,Always,5,0.5,292,1168,1460,0.0380280812254,1.94047912078e-05,0.278185755571,0.0426762297206,0.894378177488
56,LEIX,Always,5,0.5,292,1168,1460,0.0385339113414,2.13263115264e-05,0.33722832189,0.0426029096701,inf
57,LEIX,Always,5,0.5,292,1168,1460,0.0355670279445,0.000164296507903,0.211527350527,0.0336556372468,0.271566864055
58,LEIX,Always,5,0.5,292,1168,1460,0.040740002616,0.00010128609017,0.651355441039,0.0555500403891,0.19970099976
59,LEIX,Always,5,0.5,292,1168,1460,17505512.2304,0.000166186771471,5111609561.83,298621667.964,115015687.568
60,LEIX,Always,7,0.95,292,1168,1460,43560834.0484,0.000101797600227,12718724085.0,743031231.304,227149280.666
61,LEIX,Always,7,0.95,292,1168,1460,334512406.467,4.40494746272e-05,89571985299.4,5241863230.2,1758595515.72
62,LEIX,Always,7,0.95,292,1168,1460,0.0389614132803,7.5102172367e-05,0.499311705804,0.048138440718,0.231939584382
63,LEIX,Always,7,0.95,292,1168,1460,0.0378244881363,0.000157237444624,0.53564818377,0.0470432756642,inf
64,LEIX,Always,7,0.95,292,1168,1460,5163460.86856,7.29511293397e-05,1507730560.75,88082043.3244,30728993.7653
65,LEIX,Always,7,0.75,292,1168,1460,0.0372000990803,6.34235043341e-05,0.368117880341,0.0398104176093,inf
66,LEIX,Always,7,0.75,292,1168,1460,145547.479358,5.26359444055e-05,26830410.1876,1812453.67983,971380.757722
67,LEIX,Always,7,0.75,292,1168,1460,141269452.344,0.000205574837387,41232009831.8,2408782085.55,723682420.522
68,LEIX,Always,7,0.75,292,1168,1460,11456445.5661,0.000166038221718,3345282094.25,195432320.624,72303124.026
69,LEIX,Always,7,0.75,292,1168,1460,55924.7368719,0.000357155120542,16330011.7589,954003.876597,416888.207561
70,LEIX,Always,7,0.6,292,1168,1460,1092729230.26,0.000141565720011,153346553073.0,10583035610.9,7214709826.81
71,LEIX,Always,7,0.6,292,1168,1460,0.0414621417107,0.000311626627791,0.332289295636,0.0469868702706,0.260907614161
72,LEIX,Always,7,0.6,292,1168,1460,0.0377164980259,2.38114383878e-05,0.277054349289,0.0412750910073,0.270021081934
73,LEIX,Always,7,0.6,292,1168,1460,0.0396539318539,8.94402411672e-05,0.618560548082,0.0594209503385,1.03403222291
74,LEIX,Always,7,0.6,292,1168,1460,162091.001463,0.000198967022805,47330561.4156,2765064.70485,inf
75,LEIX,Always,7,0.5,292,1168,1460,1326996922.91,3.25641095703e-05,289109633316.0,17387617249.7,4947442439.98
76,LEIX,Always,7,0.5,292,1168,1460,45051826.333,0.000137734668799,8246561123.07,547913252.744,inf
77,LEIX,Always,7,0.5,292,1168,1460,0.0388341986502,0.000123127975294,0.352812178105,0.0439545107328,0.213378606359
78,LEIX,Always,7,0.5,292,1168,1460,81716682.1219,0.000207200431286,22730543697.8,1328729527.65,490026467.236
79,LEIX,Always,7,0.5,292,1168,1460,177975.851096,7.09424386441e-05,51968936.6169,3036039.88823,1326712.80648
80,LEIX,Always,10,0.95,292,1168,1460,80253684.6128,4.72467238327e-05,14692081327.0,990534844.477,459470995.838
81,LEIX,Always,10,0.95,292,1168,1460,5529510.34986,6.40263095529e-05,1535111813.42,89785919.5585,34598829.1836
82,LEIX,Always,10,0.95,292,1168,1460,29112.2530613,6.38174712466e-05,8500765.23218,496617.092703,217015.757335
83,LEIX,Always,10,0.95,292,1168,1460,0.0435653547,0.00013563951997,0.314701207937,0.0490385692248,inf
84,LEIX,Always,10,0.95,292,1168,1460,17541947.5964,0.000229778973295,1897769502.46,170181188.907,111995137.937
85,LEIX,Always,10,0.75,292,1168,1460,2462304.53743,0.00020209549687,647341378.725,37937941.3077,inf
86,LEIX,Always,10,0.75,292,1168,1460,1057324.42226,0.000320150270294,308738718.159,18036602.7283,6915343.47134
87,LEIX,Always,10,0.75,292,1168,1460,16090327.3656,4.18328147104e-05,4698375577.46,274480422.397,82408568.5539
88,LEIX,Always,10,0.75,292,1168,1460,0.0413123448937,9.99414895713e-05,0.498264773483,0.0589178224022,0.239126562936
89,LEIX,Always,10,0.75,292,1168,1460,29506391.6084,6.04810873746e-05,2664597651.06,239702903.567,179577246.678
90,LEIX,Always,10,0.6,292,1168,1460,9538209.79866,3.97315728422e-05,1060631796.56,83093833.9689,62356193.6843
91,LEIX,Always,10,0.6,292,1168,1460,50837521.7698,6.70120781891e-05,6557305456.6,500579315.753,317063477.073
92,LEIX,Always,10,0.6,292,1168,1460,47161244.8188,0.000230638322484,13329803724.0,779013344.335,243377499.969
93,LEIX,Always,10,0.6,292,1168,1460,104554715.684,0.000212725186094,30529976968.2,1783569839.39,622230171.758
94,LEIX,Always,10,0.6,292,1168,1460,0.0416239699056,0.00023497895881,0.603116306019,0.0612157824257,inf
95,LEIX,Always,10,0.5,292,1168,1460,0.0427303970665,1.86193621065e-05,0.426980699814,0.0467021990509,0.278936367348
96,LEIX,Always,10,0.5,292,1168,1460,0.0405424810266,0.000234978487959,0.356171419946,0.0473956847273,1.03584720596
97,LEIX,Always,10,0.5,292,1168,1460,13282790.7943,5.12165136347e-05,2783514652.26,174540418.696,90080549.1111
98,LEIX,Always,10,0.5,292,1168,1460,18311686.05,0.000116596793288,5245264828.59,306454944.078,102167751.828
99,LEIX,Always,10,0.5,292,1168,1460,74368716.8392,0.000451694382033,18294557054.3,1076041990.35,inf
100,LEIX,Always,15,0.95,292,1168,1460,21620910.3486,6.1957391956e-05,4939340716.7,294276342.299,150889982.595
101,LEIX,Always,15,0.95,292,1168,1460,0.0741787577665,0.000494299223462,7.19286390064,0.43216580723,0.393109242954
102,LEIX,Always,15,0.95,292,1168,1460,982038.701446,0.00014526615549,279069020.552,16307930.6829,6227869.94178
103,LEIX,Always,15,0.95,292,1168,1460,4219664.57777,0.000200382305823,664087897.536,45369818.5225,24586771.6741
104,LEIX,Always,15,0.95,292,1168,1460,1207763.5936,0.000577235686679,312420722.556,18394284.1833,inf
105,LEIX,Always,15,0.75,292,1168,1460,141941151.356,0.000127303111393,40404904187.9,2360544012.92,861106518.746
106,LEIX,Always,15,0.75,292,1168,1460,0.0495491123163,0.000415516728105,0.554787458203,0.064489765565,0.306560407387
107,LEIX,Always,15,0.75,292,1168,1460,0.0517103123797,4.22303049352e-05,1.01271568448,0.0947418703626,inf
108,LEIX,Always,15,0.75,292,1168,1460,20250237.1635,3.15867495792e-05,5575085640.52,326085584.485,105225323.66
109,LEIX,Always,15,0.75,292,1168,1460,24894012.3927,0.000293014697266,6611983826.66,387024428.086,132658728.869
110,LEIX,Always,15,0.6,292,1168,1460,7670986.20574,4.66579027493e-05,1875746074.86,110533499.602,49481334.773
111,LEIX,Always,15,0.6,292,1168,1460,257485776.758,0.000199152898596,69454813680.7,4070212793.51,1388891735.37
112,LEIX,Always,15,0.6,292,1168,1460,0.0451864406571,1.26782971026e-05,0.371322364763,0.0535777845231,0.951999628874
113,LEIX,Always,15,0.6,292,1168,1460,41373512.7763,6.54899291618e-05,3357627272.29,311310000.447,274655176.827
114,LEIX,Always,15,0.6,292,1168,1460,7381.0742871,0.00047423270215,1928434.70376,113391.05804,inf
115,LEIX,Always,15,0.5,292,1168,1460,6906159.87856,6.12356012535e-05,799341278.125,69433480.2703,44898055.5785
116,LEIX,Always,15,0.5,292,1168,1460,5838380.11069,3.62871859296e-05,1347370482.47,80421280.0107,inf
117,LEIX,Always,15,0.5,292,1168,1460,2112.34123972,0.00013279512766,349495.473618,24503.0825803,10219.8830386
118,LEIX,Always,15,0.5,292,1168,1460,323802931.044,5.80977220437e-05,53972279216.5,3487770644.99,1431098842.59
119,LEIX,Always,15,0.5,292,1168,1460,50666953.8791,2.46779852226e-05,4796204273.72,433716084.063,310809196.687
120,LEIX,Never,2,0.95,292,1168,1168,0.0289940417538,1.01062191743e-05,0.18447485408,0.0321700632651,0.22087211826
121,LEIX,Never,2,0.95,292,1168,1168,0.0371755033222,0.0,0.415783899256,0.0481315167135,0.212266508927
122,LEIX,Never,2,0.95,292,1168,1168,0.0386394818131,0.000531065904291,0.434293641108,0.0478303429309,inf
123,LEIX,Never,2,0.95,292,1168,1168,0.0347703403236,0.000187786636143,0.244288569521,0.037062284792,0.185318736253
124,LEIX,Never,2,0.95,292,1168,1168,0.0340412101568,4.70312438707e-05,0.414656371601,0.0412832498783,0.828253624698
125,LEIX,Never,2,0.75,292,1168,1168,0.0360816257626,4.34915054654e-05,0.234710257992,0.0377167305639,inf
126,LEIX,Never,2,0.75,292,1168,1168,0.0341076332417,7.48055020686e-05,0.28728731175,0.0416460705968,0.208371518268
127,LEIX,Never,2,0.75,292,1168,1168,0.0341961491271,0.000254438134529,0.301192903875,0.0362396785289,0.179779223957
128,LEIX,Never,2,0.75,292,1168,1168,0.034371441748,0.000214608921557,0.436810634728,0.0420318931046,0.19806616705
129,LEIX,Never,2,0.75,292,1168,1168,0.0363951500696,2.86062119078e-05,0.582592340029,0.0552169599617,0.287767280603
130,LEIX,Never,2,0.6,292,1168,1168,0.0350168804501,0.000286229396523,0.444346652951,0.0398577886217,0.276441597231
131,LEIX,Never,2,0.6,292,1168,1168,0.0360899604292,2.15500923481e-05,0.414315101657,0.0504968424707,inf
132,LEIX,Never,2,0.6,292,1168,1168,0.03233025757,4.34915055706e-05,0.304572491256,0.0359218017069,0.840020446425
133,LEIX,Never,2,0.6,292,1168,1168,0.0368911768772,7.62244089071e-05,0.277876486303,0.0430971652425,0.178927220635
134,LEIX,Never,2,0.6,292,1168,1168,0.0321760101625,0.000349759446491,0.283969790082,0.0351726523483,0.182616061955
135,LEIX,Never,2,0.5,292,1168,1168,0.0338768143477,0.0,0.22220739077,0.0343835163399,0.193614512138
136,LEIX,Never,2,0.5,292,1168,1168,0.0349147873885,0.000121008365844,0.444162861628,0.0451314329384,0.233480187353
137,LEIX,Never,2,0.5,292,1168,1168,0.0354607529079,3.59767502398e-05,0.421787176296,0.049753696131,0.188522815279
138,LEIX,Never,2,0.5,292,1168,1168,0.0364459268176,5.46643945531e-06,0.370487278263,0.0432217245981,inf
139,LEIX,Never,2,0.5,292,1168,1168,0.034841809486,0.0,0.478772900478,0.043177824836,0.843793347665
140,LEIX,Never,3,0.95,292,1168,1168,0.0363829378751,7.73155823063e-05,0.302657004702,0.0382401161011,0.237855561023
141,LEIX,Never,3,0.95,292,1168,1168,82907787.2684,0.000140610171398,24209073871.3,1414300903.06,inf
142,LEIX,Never,3,0.95,292,1168,1168,102644045.25,5.50734720265e-05,29972061202.7,1750976243.48,610859314.927
143,LEIX,Never,3,0.95,292,1168,1168,0.0362633310259,1.45310804591e-05,0.575046811591,0.0489945688511,0.168408137903
144,LEIX,Never,3,0.95,292,1168,1168,0.0369198322669,0.000562159111299,0.60752714639,0.0552042492587,0.190322625341
145,LEIX,Never,3,0.75,292,1168,1168,159463247.252,0.000326468751216,23469960455.4,1920255027.15,1026886701.92
146,LEIX,Never,3,0.75,292,1168,1168,0.0327924672522,0.000469701247153,0.288483188383,0.0344398855247,0.230852320297
147,LEIX,Never,3,0.75,292,1168,1168,0.0411732196333,0.000386811201575,0.59370410902,0.0637335868827,0.193996278755
148,LEIX,Never,3,0.75,292,1168,1168,0.0374765607135,9.75099153225e-06,0.271196812685,0.0381597427725,inf
149,LEIX,Never,3,0.75,292,1168,1168,99373549.8503,7.18560152318e-05,29017076546.3,1695185771.32,591395812.14
150,LEIX,Never,3,0.6,292,1168,1168,0.0324318061362,1.34483732942e-05,0.384293654052,0.0409508126064,1.14058310974
151,LEIX,Never,3,0.6,292,1168,1168,18400814.0617,6.32091895768e-05,5373037695.4,313894373.04,116129940.509
152,LEIX,Never,3,0.6,292,1168,1168,0.0374717931388,1.97858133265e-05,0.675086653218,0.0620259126657,0.208394776384
153,LEIX,Never,3,0.6,292,1168,1168,0.0396289203003,4.31383584247e-05,0.312159102594,0.0455733957037,0.328539486385
154,LEIX,Never,3,0.6,292,1168,1168,26711551.1776,6.71401666485e-06,7799772933.51,455664928.039,inf
155,LEIX,Never,3,0.5,292,1168,1168,0.0366156374198,1.00667163307e-05,0.584721237181,0.0538381093985,0.297216443886
156,LEIX,Never,3,0.5,292,1168,1168,0.041567635223,8.07946228934e-06,0.420086348697,0.0532075037801,0.824769655783
157,LEIX,Never,3,0.5,292,1168,1168,0.0361777166339,0.000292096049626,0.294601113257,0.0402327218065,0.193502684778
158,LEIX,Never,3,0.5,292,1168,1168,0.0343213932064,1.91919431034e-05,0.293081435896,0.036529925329,0.236351918294
159,LEIX,Never,3,0.5,292,1168,1168,101691010.992,2.06060266944e-05,29693775199.8,1734718696.94,inf
160,LEIX,Never,5,0.95,292,1168,1168,0.0354493554979,0.000128335793094,0.354327823718,0.0386230472647,0.189563099014
161,LEIX,Never,5,0.95,292,1168,1168,0.0386539821834,4.59398021905e-05,0.460585364737,0.0526534893919,0.206729957268
162,LEIX,Never,5,0.95,292,1168,1168,0.0363166713852,4.66927729244e-05,0.427814272771,0.0440986949867,0.205196123361
163,LEIX,Never,5,0.95,292,1168,1168,721843782.41,0.000310417823678,129509118731.0,8918419510.95,4028074150.38
164,LEIX,Never,5,0.95,292,1168,1168,0.0368668216751,0.000216384368744,0.461317184351,0.04924663251,inf
165,LEIX,Never,5,0.75,292,1168,1168,813938545.716,0.000110535850318,170058919006.0,10607499234.3,inf
166,LEIX,Never,5,0.75,292,1168,1168,0.0327794805139,0.000139421698976,0.43647531312,0.0405399107334,0.266004881819
167,LEIX,Never,5,0.75,292,1168,1168,0.0392677183992,0.000500868087325,0.345696996714,0.0428093040979,0.293048726124
168,LEIX,Never,5,0.75,292,1168,1168,75603.6837673,4.50750722364e-05,15817847.1199,964847.764929,525757.835413
169,LEIX,Never,5,0.75,292,1168,1168,0.0399754786475,0.000142914181026,0.506232007444,0.0528278837742,0.87341645352
170,LEIX,Never,5,0.6,292,1168,1168,1773434.04017,0.000149718026671,517842730.036,30252517.902,10722500.842
171,LEIX,Never,5,0.6,292,1168,1168,0.0382940008392,2.31124764449e-05,0.672124988807,0.0573260867469,0.203828735137
172,LEIX,Never,5,0.6,292,1168,1168,0.0401492984908,0.000423738992538,0.602157010266,0.0640284025762,inf
173,LEIX,Never,5,0.6,292,1168,1168,3003522.58114,4.00386318253e-05,860978278.538,50299758.2177,20602767.29
174,LEIX,Never,5,0.6,292,1168,1168,0.0394384403318,0.000128725252396,0.271153384198,0.0428395893118,0.906675894224
175,LEIX,Never,5,0.5,292,1168,1168,0.0363906197171,6.64384817942e-05,0.437083115406,0.041521943825,0.277337810009
176,LEIX,Never,5,0.5,292,1168,1168,60875.390069,8.50102804498e-06,17775602.8203,1038455.71297,399967.54411
177,LEIX,Never,5,0.5,292,1168,1168,0.0399330956874,8.23579635342e-05,0.361344894462,0.0433142267975,0.248726662088
178,LEIX,Never,5,0.5,292,1168,1168,0.0343683597399,0.000166186771471,0.273441979356,0.0374383702744,inf
179,LEIX,Never,5,0.5,292,1168,1168,0.037768947549,3.63100060213e-05,0.452751537193,0.0488071219734,0.183479066839
180,LEIX,Never,7,0.95,292,1168,1168,0.0377620231895,0.000217673793316,0.658233480876,0.0556467363037,0.260050583527
181,LEIX,Never,7,0.95,292,1168,1168,5163460.86493,8.86852805231e-05,1507730560.75,88082043.3246,30728993.1503
182,LEIX,Never,7,0.95,292,1168,1168,2661910.84693,0.00016915262413,725125059.511,42406443.6508,17598793.292
183,LEIX,Never,7,0.95,292,1168,1168,3344587.79262,0.000109640760721,976619623.527,57054393.0256,17439809.9828
184,LEIX,Never,7,0.95,292,1168,1168,62232.8351799,0.000218855696745,18171976.4315,1061611.97072,inf
185,LEIX,Never,7,0.75,292,1168,1168,7153613.06199,0.000234901726313,2001519119.76,117023055.372,42680507.5832
186,LEIX,Never,7,0.75,292,1168,1168,104478301.396,0.000289282143567,30507663996.4,1782266309.3,535098327.502
187,LEIX,Never,7,0.75,292,1168,1168,0.0418969030502,0.000201448159968,0.419577724938,0.0495053092128,inf
188,LEIX,Never,7,0.75,292,1168,1168,1261.85250098,4.38949013613e-05,368449.974714,21524.9489301,8329.43020289
189,LEIX,Never,7,0.75,292,1168,1168,703434.742972,0.000106874878706,187500783.547,11000084.5696,4680288.11128
190,LEIX,Never,7,0.6,292,1168,1168,0.0390779922526,2.64587183987e-05,0.44158767512,0.0504655514515,0.786588584703
191,LEIX,Never,7,0.6,292,1168,1168,104670.921299,0.000252877609385,30563897.1302,1785551.4624,697257.430963
192,LEIX,Never,7,0.6,292,1168,1168,0.0362256521744,1.7530547025e-05,0.547716911366,0.0506041921677,0.201530221402
193,LEIX,Never,7,0.6,292,1168,1168,0.0410109452631,0.000229287761719,0.367641151594,0.0457121513418,inf
194,LEIX,Never,7,0.6,292,1168,1168,203444450.02,0.000316260720479,59263348042.8,3462159986.54,1330644079.54
195,LEIX,Never,7,0.5,292,1168,1168,3909588.49286,7.671289791e-05,866331781.521,52169967.4612,24053784.7332
196,LEIX,Never,7,0.5,292,1168,1168,0.0412861314261,7.7377092867e-05,0.437384902215,0.0507044408068,0.275354679186
197,LEIX,Never,7,0.5,292,1168,1168,0.044219957633,0.00020484858548,0.5079321999,0.0539033760128,inf
198,LEIX,Never,7,0.5,292,1168,1168,162250588.642,5.54675598768e-05,38229989775.1,2294398229.08,868299799.105
199,LEIX,Never,7,0.5,292,1168,1168,0.0382686247383,5.38887687289e-05,0.368186008778,0.0464475576938,0.8528780276
200,LEIX,Never,10,0.95,292,1168,1168,14383674.1816,0.000141077347054,3999395097.44,233899380.87,95272307.7546
201,LEIX,Never,10,0.95,292,1168,1168,6846550.4505,0.00028081419937,1638961958.83,97963421.4843,36726440.6333
202,LEIX,Never,10,0.95,292,1168,1168,11937332.3534,0.000236513253603,2704935760.67,162125502.394,73453623.3382
203,LEIX,Never,10,0.95,292,1168,1168,0.042091712795,8.91194482418e-05,0.269841902303,0.0463536666254,0.918404269711
204,LEIX,Never,10,0.95,292,1168,1168,0.0336132122832,9.99534090585e-05,0.178397638015,0.0335043385264,inf
205,LEIX,Never,10,0.75,292,1168,1168,0.0411352127431,0.000221418042165,0.400864607061,0.0509553090518,0.234259591384
206,LEIX,Never,10,0.75,292,1168,1168,0.0379763296817,0.000224843493598,0.276159683642,0.0387284302597,0.241507138544
207,LEIX,Never,10,0.75,292,1168,1168,8806048.35721,0.000152594780156,2455648558.35,143595665.442,inf
208,LEIX,Never,10,0.75,292,1168,1168,225900.540152,0.000224619054208,65962944.6139,3853573.77023,1601092.21916
209,LEIX,Never,10,0.75,292,1168,1168,554942046.005,0.000320150270294,160901785595.0,9399888795.54,3359814797.29
210,LEIX,Never,10,0.6,292,1168,1168,0.035855265258,0.000180663868191,0.362904388757,0.0422813517094,1.05156024749
211,LEIX,Never,10,0.6,292,1168,1168,2931040.28183,1.07775187789e-05,501673720.896,32455314.4186,17760520.8366
212,LEIX,Never,10,0.6,292,1168,1168,5303647.43201,0.000240337468488,1337150441.28,79046027.7351,37391163.6655
213,LEIX,Never,10,0.6,292,1168,1168,1528037.48785,0.000751856399364,446186934.029,26066366.1494,inf
214,LEIX,Never,10,0.6,292,1168,1168,13181492.6014,3.23504927935e-05,3548961100.04,207978194.888,84164825.8725
215,LEIX,Never,10,0.5,292,1168,1168,183913333.826,0.000163995826633,41258913152.9,2461749260.08,inf
216,LEIX,Never,10,0.5,292,1168,1168,0.0392739101385,0.000110887570675,0.284532724524,0.0409327359629,0.28281400881
217,LEIX,Never,10,0.5,292,1168,1168,2663742.65599,0.000128247731234,713976383.975,41864322.4875,10860605.1109
218,LEIX,Never,10,0.5,292,1168,1168,4044951.18431,9.99392336664e-05,423219103.071,39819631.446,25566770.9745
219,LEIX,Never,10,0.5,292,1168,1168,0.0399823564293,0.000203641238735,0.353609914241,0.0476824315643,0.271978816976
220,LEIX,Never,15,0.95,292,1168,1168,0.0447596213652,0.0013375523615,0.386159383352,0.0504553170604,0.238193145172
221,LEIX,Never,15,0.95,292,1168,1168,1273754.87379,6.27755771367e-05,312956665.343,18587731.6976,8993859.10721
222,LEIX,Never,15,0.95,292,1168,1168,106808.401739,0.000752265567676,17340033.2292,1176696.87768,632129.510685
223,LEIX,Never,15,0.95,292,1168,1168,0.0513853327903,0.000149338242082,1.69608034828,0.10896219999,inf
224,LEIX,Never,15,0.95,292,1168,1168,2440509.55098,0.00045791403725,465725224.926,29309195.5103,15662097.9925
225,LEIX,Never,15,0.75,292,1168,1168,5384947.32894,0.000246504174959,838405931.863,57208056.387,32681267.6189
226,LEIX,Never,15,0.75,292,1168,1168,2672309.75127,3.82891116783e-05,642251566.543,37923318.0131,inf
227,LEIX,Never,15,0.75,292,1168,1168,31622.3806122,0.000308116853196,9233718.35197,539436.419237,179160.29929
228,LEIX,Never,15,0.75,292,1168,1168,3239814.47198,0.000157914424493,839968773.981,49243322.4479,19798583.1495
229,LEIX,Never,15,0.75,292,1168,1168,125011025.203,9.75768971412e-06,36503219346.5,2132528338.78,651849668.751
230,LEIX,Never,15,0.6,292,1168,1168,8791482.52214,0.000238158529941,1926960709.9,117169997.116,inf
231,LEIX,Never,15,0.6,292,1168,1168,0.0488993141533,7.74994161894e-05,0.39417426243,0.0575529554724,0.294792983814
232,LEIX,Never,15,0.6,292,1168,1168,30579924.1336,0.000134969399539,7305409880.85,434066180.291,191523541.801
233,LEIX,Never,15,0.6,292,1168,1168,229570.924622,0.000100212668074,56386289.0228,3350226.39606,1079826.59969
234,LEIX,Never,15,0.6,292,1168,1168,0.0446620558479,3.0108039927e-06,1.04832350575,0.0735885228157,0.252514356604
235,LEIX,Never,15,0.5,292,1168,1168,982208.760028,8.92751885366e-05,230805961.232,13725502.8776,6652064.95457
236,LEIX,Never,15,0.5,292,1168,1168,152962.579501,9.55443087751e-05,44665060.9835,2609345.41983,656563.405
237,LEIX,Never,15,0.5,292,1168,1168,3606665.43527,0.000436391350942,1006484327.07,58852895.7114,20280826.607
238,LEIX,Never,15,0.5,292,1168,1168,37609480.628,3.16165577862e-05,7685855917.68,468510689.076,180484678.385
239,LEIX,Never,15,0.5,292,1168,1168,4739964.46364,6.16985675576e-05,1128572855.54,67549952.1446,inf
240,LEIX,Regular,2,0.95,292,1168,1168,0.0317529441504,2.91030487226e-05,0.481535908953,0.0395160561214,0.186965746507
241,LEIX,Regular,2,0.95,292,1168,1168,0.0396360603329,3.3038895218e-05,0.606533096506,0.0583287223039,0.808412132387
242,LEIX,Regular,2,0.95,292,1168,1168,0.0329091689991,3.43159789059e-05,0.415783899256,0.0437366285729,0.18330430565
243,LEIX,Regular,2,0.95,292,1168,1168,0.0371084653794,0.000120548027408,0.269285157899,0.0408943833778,0.290040061495
244,LEIX,Regular,2,0.95,292,1168,1169,0.0337934220724,0.0,0.238714109665,0.0346282433067,inf
245,LEIX,Regular,2,0.75,292,1168,1169,0.035145695226,0.0,0.329743130139,0.0434639220834,0.885383315385
246,LEIX,Regular,2,0.75,292,1168,1168,0.0401848748819,4.85115948334e-06,0.482403546994,0.0552128876427,0.207832625358
247,LEIX,Regular,2,0.75,292,1168,1169,0.0311983162509,8.46446145638e-05,0.275972912612,0.034118553512,0.17011996038
248,LEIX,Regular,2,0.75,292,1168,1169,0.0337175623372,0.000222130424194,0.436810634728,0.0426270601521,0.255073210017
249,LEIX,Regular,2,0.75,292,1168,1168,0.0331870102695,3.3038895218e-05,0.312590545829,0.0424241354674,inf
250,LEIX,Regular,2,0.6,292,1168,1168,0.0339739423167,0.000167741099441,0.329605863844,0.0405868411641,0.175364335602
251,LEIX,Regular,2,0.6,292,1168,1168,0.0362697894014,8.42457460434e-05,0.254640839675,0.0377640816089,0.902935731728
252,LEIX,Regular,2,0.6,292,1168,1169,0.0315310020323,0.000153720743785,0.391413502182,0.0358213189122,inf
253,LEIX,Regular,2,0.6,292,1168,1168,0.03757034351,2.15500923481e-05,0.420605158055,0.0449455537851,0.254718290128
254,LEIX,Regular,2,0.6,292,1168,1168,0.0336981419579,0.00022209841177,0.444346652951,0.0427140834767,0.170599375308
255,LEIX,Regular,2,0.5,292,1168,1169,0.0381619062658,5.0404452739e-05,0.582036594896,0.0477176448637,inf
256,LEIX,Regular,2,0.5,292,1168,1168,0.0385657455597,0.000145219208617,0.444162861628,0.0513853958775,0.848273257693
257,LEIX,Regular,2,0.5,292,1168,1169,0.0332597281168,2.28805369036e-05,0.225673106671,0.0335279307104,0.183217532632
258,LEIX,Regular,2,0.5,292,1168,1171,0.034284835254,0.0001736138767,0.57372003637,0.0534551496137,0.282754868263
259,LEIX,Regular,2,0.5,292,1168,1169,0.0330710354108,2.23005143056e-05,0.257131516263,0.0378297879311,0.173391174025
260,LEIX,Regular,3,0.95,292,1168,1169,0.0360464341931,0.000100179448297,0.597231345828,0.0502976834786,0.21283255931
261,LEIX,Regular,3,0.95,292,1168,1169,0.0330029618279,5.73177831475e-05,0.275291276635,0.0339876938391,inf
262,LEIX,Regular,3,0.95,292,1168,1171,0.0347585086919,1.38910061354e-05,0.302920102564,0.0415654190562,0.194438596021
263,LEIX,Regular,3,0.95,292,1168,1168,0.0410433316519,3.61008972885e-05,0.447933721761,0.0527265821121,0.969374722807
264,LEIX,Regular,3,0.95,292,1168,1169,0.0345255086057,5.50734720265e-05,0.377893100593,0.0384793458955,0.192348098438
265,LEIX,Regular,3,0.75,292,1168,1168,99373549.8521,0.000237307620683,29017076546.2,1695185771.31,591395812.118
266,LEIX,Regular,3,0.75,292,1168,1168,0.0335673237274,5.33825235725e-05,0.547491153743,0.0450609459487,inf
267,LEIX,Regular,3,0.75,292,1168,1168,0.0326253339274,4.0117891251e-06,0.384265677313,0.0424340134924,0.808127858357
268,LEIX,Regular,3,0.75,292,1168,1171,0.0382942402241,6.59086893438e-05,0.43437693987,0.0505739742465,0.233544620357
269,LEIX,Regular,3,0.75,292,1168,1171,0.0367569675543,0.000129174738287,0.243244824824,0.0389035034701,0.316740664394
270,LEIX,Regular,3,0.6,292,1168,1169,18400814.0594,2.16853513893e-05,5373037695.4,313894373.04,116129940.487
271,LEIX,Regular,3,0.6,292,1168,1171,26711551.1795,4.29475406802e-05,7799772933.51,455664928.038,158966843.099
272,LEIX,Regular,3,0.6,292,1168,1169,0.0380124309736,0.000213809820737,0.447644399999,0.0504788270395,0.181061032493
273,LEIX,Regular,3,0.6,292,1168,1169,0.0398513936199,1.97858133265e-05,0.554261242073,0.0567830184412,0.923539543062
274,LEIX,Regular,3,0.6,292,1168,1169,0.034698736339,6.76844584494e-05,0.34674971219,0.0404458130426,inf
275,LEIX,Regular,3,0.5,292,1168,1168,0.0396198140417,7.48321895511e-05,0.448798267083,0.0534217387365,0.319305108849
276,LEIX,Regular,3,0.5,292,1168,1172,0.0329567431102,3.51891962442e-05,0.303686113294,0.0377434690842,0.194954205091
277,LEIX,Regular,3,0.5,292,1168,1168,0.0381085671169,8.07946228934e-06,0.452926735827,0.0524537635907,inf
278,LEIX,Regular,3,0.5,292,1168,1169,0.0407899030053,4.97357196408e-06,0.669717313883,0.0587770112045,0.201984609247
279,LEIX,Regular,3,0.5,292,1168,1175,0.0360978686062,9.00063990647e-05,0.260301698149,0.0348211763259,0.240769807293
280,LEIX,Regular,5,0.95,292,1168,1171,0.0386482851371,0.000234052929167,0.557775374211,0.0595715419098,0.927832419176
281,LEIX,Regular,5,0.95,292,1168,1174,0.0349850653686,0.000346603108356,0.229834788916,0.0400319099475,0.198594458673
282,LEIX,Regular,5,0.95,292,1168,1176,0.0371677818877,0.000251900801143,0.439718445619,0.0479366908673,0.282796228742
283,LEIX,Regular,5,0.95,292,1168,1172,0.0371205402565,4.47612618374e-05,0.273217096677,0.0394373433204,inf
284,LEIX,Regular,5,0.95,292,1168,1173,0.0348788391268,0.000124685637112,0.254498893013,0.037814643561,0.229031075758
285,LEIX,Regular,5,0.75,292,1168,1174,0.03587365369,7.41297045287e-06,0.301770722803,0.0412436992741,0.203630533373
286,LEIX,Regular,5,0.75,292,1168,1177,0.0412571447211,1.48794479413e-05,0.44157677489,0.0540854488713,0.874209287945
287,LEIX,Regular,5,0.75,292,1168,1176,0.0385910020511,1.69965520161e-05,0.628848049961,0.0563217193802,inf
288,LEIX,Regular,5,0.75,292,1168,1173,298235223.712,3.32579824129e-05,74967639590.6,4434067237.64,1531295373.71
289,LEIX,Regular,5,0.75,292,1168,1173,65433531.7181,0.000203696652916,19106591251.4,1116212433.6,412959563.561
290,LEIX,Regular,5,0.6,292,1168,1178,439764.055935,0.000356733401209,128411093.583,7501812.19363,2252305.20724
291,LEIX,Regular,5,0.6,292,1168,1171,0.0378621774726,0.000453813349248,0.478440002185,0.0496117253014,inf
292,LEIX,Regular,5,0.6,292,1168,1174,16614154.3657,9.00888838421e-05,4851333063.0,283416241.714,104854097.829
293,LEIX,Regular,5,0.6,292,1168,1174,0.0364671687901,1.48041543733e-05,0.296938946429,0.0429106726454,0.190952915887
294,LEIX,Regular,5,0.6,292,1168,1177,0.0351428431108,5.16861043676e-06,0.651923595425,0.0550018240927,0.215472976757
295,LEIX,Regular,5,0.5,292,1168,1174,0.0403820902466,6.95332494413e-05,0.724766884957,0.0621427441567,inf
296,LEIX,Regular,5,0.5,292,1168,1178,902020.885024,0.000166186771471,186714648.986,11728401.7351,5996497.86396
297,LEIX,Regular,5,0.5,292,1168,1181,0.0390607161445,0.000197711384085,0.389271408159,0.0482850242544,0.212426956609
298,LEIX,Regular,5,0.5,292,1168,1182,0.0360928409622,3.67109173459e-05,0.28151056556,0.0367120770164,0.848032099839
299,LEIX,Regular,5,0.5,292,1168,1181,17505512.2341,0.000179633955314,5111609561.79,298621667.962,115015687.685
300,LEIX,Regular,7,0.95,292,1168,1180,0.0396924989762,7.29511293397e-05,0.300864021531,0.0400992448388,inf
301,LEIX,Regular,7,0.95,292,1168,1192,120775377.823,0.000172352157132,35219480802.3,2057523200.58,618851557.072
302,LEIX,Regular,7,0.95,292,1168,1189,226401770.12,8.86852805231e-05,33275361176.9,2708004131.95,1390127466.52
303,LEIX,Regular,7,0.95,292,1168,1181,0.040846776522,8.44206974467e-05,0.749249336137,0.064861236101,0.290573682222
304,LEIX,Regular,7,0.95,292,1168,1184,0.034889270354,9.18375127319e-05,0.384974702581,0.0464907312241,0.231291869048
305,LEIX,Regular,7,0.75,292,1168,1185,11510108.0428,0.000217883066167,3345282094.24,195431318.788,72670796.2802
306,LEIX,Regular,7,0.75,292,1168,1185,5132608.15209,0.000147338167542,1486316016.63,86831533.6397,30593659.7478
307,LEIX,Regular,7,0.75,292,1168,1181,0.0397222674319,7.27749224718e-05,0.541271379112,0.0549134795986,inf
308,LEIX,Regular,7,0.75,292,1168,1186,1261.85070171,3.49438368264e-05,368449.974714,21524.9490356,8328.75469674
309,LEIX,Regular,7,0.75,292,1168,1188,0.0383418696273,0.000181133148124,0.307480878167,0.0423005388077,0.19596547599
310,LEIX,Regular,7,0.6,292,1168,1187,26551213.4342,0.000192918079594,7722390413.33,451141616.979,158086970.354
311,LEIX,Regular,7,0.6,292,1168,1182,8475367.36663,8.03390842245e-05,2474807259.11,144578935.981,53489150.3181
312,LEIX,Regular,7,0.6,292,1168,1186,0.0393031764395,0.000335826333769,0.293748737549,0.0347039683909,inf
313,LEIX,Regular,7,0.6,292,1168,1190,63562516.1073,0.000560125089537,18512217875.8,1081481698.53,331696536.075
314,LEIX,Regular,7,0.6,292,1168,1186,4731.3675061,0.000721052409189,1381547.82791,80710.4102866,33533.95897
315,LEIX,Regular,7,0.5,292,1168,1209,0.041837333113,7.671289791e-05,0.459405336849,0.0509639044964,0.296566232185
316,LEIX,Regular,7,0.5,292,1168,1199,6792447.33077,1.36177804351e-05,1306798408.5,85848552.4748,inf
317,LEIX,Regular,7,0.5,292,1168,1191,320.054415381,0.000281924757291,93443.9356335,5459.01859622,2268.32957487
318,LEIX,Regular,7,0.5,292,1168,1194,224798.569035,9.12171667727e-05,41668192.8194,2804220.11139,1480211.07406
319,LEIX,Regular,7,0.5,292,1168,1191,4126029.42291,4.34092474916e-05,1199852142.36,70095302.2453,27247780.8329
320,LEIX,Regular,10,0.95,292,1168,1207,88007456.7739,5.96927780647e-05,22617154267.8,1326821692.23,465994861.8
321,LEIX,Regular,10,0.95,292,1168,1192,43761582.811,0.000186828688225,11147054695.4,657826577.777,259943108.182
322,LEIX,Regular,10,0.95,292,1168,1199,44678.3278468,9.24731131272e-05,13046058.0107,762154.374729,316662.686618
323,LEIX,Regular,10,0.95,292,1168,1210,2477605.1984,7.28967312177e-06,723460707.123,42264777.9422,inf
324,LEIX,Regular,10,0.95,292,1168,1205,8711661.03765,7.20336609854e-05,1788630879.5,109064345.687,62227150.0391
325,LEIX,Regular,10,0.75,292,1168,1206,0.0424684093123,3.3880317307e-05,0.446173830784,0.0514409064749,0.251697557856
326,LEIX,Regular,10,0.75,292,1168,1208,3408806.13129,0.000254475606168,995371378.745,58149875.8384,inf
327,LEIX,Regular,10,0.75,292,1168,1206,4919140.68074,0.000138997210965,789047689.028,59523833.0366,28858139.5885
328,LEIX,Regular,10,0.75,292,1168,1208,0.040509413379,0.000132038127625,0.495108468626,0.0476478040762,0.225465552944
329,LEIX,Regular,10,0.75,292,1168,1204,103030985.616,0.000238536324777,29457073171.5,1720946846.15,530505987.58
330,LEIX,Regular,10,0.6,292,1168,1209,83820680.5588,0.000101186757379,14211783598.1,909613159.504,inf
331,LEIX,Regular,10,0.6,292,1168,1217,15236891.9386,4.40095782317e-05,4449172433.37,259921904.644,92124986.4486
332,LEIX,Regular,10,0.6,292,1168,1200,384450.278363,8.73746853561e-05,112259468.955,6558229.74081,2560986.50658
333,LEIX,Regular,10,0.6,292,1168,1211,56455293.4123,0.000347400716036,16202026914.6,946590523.617,289440320.962
334,LEIX,Regular,10,0.6,292,1168,1208,67853.8277468,1.25075603316e-05,19813306.8639,1157498.95623,443792.80626
335,LEIX,Regular,10,0.5,292,1168,1228,7062592.58052,6.83223997779e-05,1645394744.05,99080527.5544,inf
336,LEIX,Regular,10,0.5,292,1168,1214,0.0391541702039,0.000336908933366,0.415639120496,0.0453361646188,0.213050669311
337,LEIX,Regular,10,0.5,292,1168,1230,114833624.046,2.4221929312e-05,32466828403.9,1897049787.62,601228634.889
338,LEIX,Regular,10,0.5,292,1168,1229,64360802.3965,0.000106231595779,16050976856.3,947576330.597,388956686.645
339,LEIX,Regular,10,0.5,292,1168,1218,143392938.404,0.000203641238735,41258913152.9,2410445336.38,737211599.866
340,LEIX,Regular,15,0.95,292,1168,1236,20444.5369499,0.000145786958189,5969791.97641,348756.923371,152402.713354
341,LEIX,Regular,15,0.95,292,1168,1230,0.0508904981513,1.38725926989e-05,2.01524213451,0.12509472327,0.406833497835
342,LEIX,Regular,15,0.95,292,1168,1240,58835855.8685,8.96465179842e-05,16146053756.7,944610187.356,383726533.372
343,LEIX,Regular,15,0.95,292,1168,1243,5072474.57702,0.000351210963026,1481162562.18,86529933.3766,26449594.0768
344,LEIX,Regular,15,0.95,292,1168,1235,1890598.22164,7.25057764591e-05,552054667.479,32251188.907,inf
345,LEIX,Regular,15,0.75,292,1168,1241,117627388.156,1.10120398654e-05,33183863015.8,1939062232.74,610677171.734
346,LEIX,Regular,15,0.75,292,1168,1236,91118.0000724,5.86208860162e-05,26606441.8028,1554355.80889,inf
347,LEIX,Regular,15,0.75,292,1168,1250,1741665.15404,0.000350617333144,295062187.247,18892356.4873,11809864.868
348,LEIX,Regular,15,0.75,292,1168,1236,0.042869173817,0.000122724201461,0.388849686855,0.045845510521,0.283924578075
349,LEIX,Regular,15,0.75,292,1168,1245,20848940.4251,4.24428319193e-05,6087890588.86,355656280.089,108713410.682
350,LEIX,Regular,15,0.6,292,1168,1242,31231908.1273,0.000156267094578,9119717160.73,532776440.955,188833728.973
351,LEIX,Regular,15,0.6,292,1168,1242,1473249.12598,7.27731924981e-06,395727542.854,23199114.767,7719942.86369
352,LEIX,Regular,15,0.6,292,1168,1238,43656.7264451,0.000236148579345,12747750.5231,744727.167447,286835.860492
353,LEIX,Regular,15,0.6,292,1168,1237,14147720.9628,9.15341929403e-05,2100304660.26,140230766.564,97582056.3635
354,LEIX,Regular,15,0.6,292,1168,1242,59547323.7507,8.72385797401e-05,15260666299.3,899728487.244,inf
355,LEIX,Regular,15,0.5,292,1168,1268,25964257.1843,6.75660843944e-05,7581563084.38,442917047.292,inf
356,LEIX,Regular,15,0.5,292,1168,1272,4329111.05547,0.000289208829675,804922154.631,51381447.988,26196181.4801
357,LEIX,Regular,15,0.5,292,1168,1265,31486015.1191,6.46677329946e-06,9193916402.68,537111181.534,190370104.853
358,LEIX,Regular,15,0.5,292,1168,1254,95703081.4915,5.13478066178e-05,8725912487.9,779506018.471,411801455.304
359,LEIX,Regular,15,0.5,292,1168,1268,34346466.7005,7.15945158207e-05,7152763136.7,437182802.146,187680000.285
