0,EUCL+W,Regular,2,0,119,1067,1171,17606.0760123,282.029086137,72641.8209209,15270.1035344,0.11301996807
1,EUCL+W,Regular,2,0,119,1067,1163,17939.5960433,49.0884468787,94436.9350037,15758.656087,0.113245380787
2,EUCL+W,Regular,2,0,119,1067,1163,18785.2232849,257.878455441,104095.981557,17536.9536711,0.122428674932
3,EUCL+W,Regular,2,0,119,1067,1164,17502.2936915,32.3341894792,65319.4924743,15091.5046947,0.112886793339
4,EUCL+W,Regular,2,0,119,1067,1161,18649.4673441,0.0,70113.7767559,16200.5318537,0.120871783373
5,EUCL+W,Regular,2,0,119,1067,1168,17192.3552769,140.43649776,97504.4350111,17718.3907805,0.111597842904
6,EUCL+W,Regular,2,0,118,1068,1171,20012.722131,181.850697926,88649.9191297,18308.8049564,0.128699099259
7,EUCL+W,Regular,2,0,118,1068,1165,20286.5514497,676.713419453,87524.8576718,18125.9406439,0.11860468789
8,EUCL+W,Regular,2,0,118,1068,1161,16399.7652194,126.143579067,74459.6177775,13401.4285301,0.101214869136
9,EUCL+W,Regular,2,0,118,1068,1168,20929.1046598,298.840279958,77360.0546788,16599.271934,0.134419421814
10,EUCL+W,Regular,3,0,119,1067,1180,16247.4080798,271.090335943,59713.9487625,13909.9905884,0.103710238881
11,EUCL+W,Regular,3,0,119,1067,1186,17657.4727756,672.179443135,68029.3532338,13884.4292904,0.120481920903
12,EUCL+W,Regular,3,0,119,1067,1178,19650.2136135,329.630456605,88259.7541291,16349.9021542,0.12401471664
13,EUCL+W,Regular,3,0,119,1067,1179,20248.7642451,379.369176975,96352.7267584,17496.1464246,0.126420774379
14,EUCL+W,Regular,3,0,119,1067,1184,17770.4480836,231.955767659,93202.2665474,16859.2266006,0.112026422559
15,EUCL+W,Regular,3,0,119,1067,1184,16215.5823978,134.232516494,68240.8403477,15147.0145452,0.104258775307
16,EUCL+W,Regular,3,0,118,1068,1182,16816.3398442,54.427837743,74613.9297699,14575.5310181,0.113485320576
17,EUCL+W,Regular,3,0,118,1068,1183,18811.4113495,54.4201373854,89500.7406747,16680.409987,0.118985452279
18,EUCL+W,Regular,3,0,118,1068,1183,19261.1851209,5.4479877291,74140.0449518,16516.0554615,0.11530889059
19,EUCL+W,Regular,3,0,118,1068,1184,17084.5655086,187.542389356,103838.131303,16686.8314992,0.10571229035
20,EUCL+W,Regular,5,0,119,1067,1186,17492.7502627,269.692292483,73920.5520025,14214.7068765,0.112786272165
21,EUCL+W,Regular,5,0,119,1067,1186,16586.1389999,323.138327914,69095.9928959,13248.6694072,0.112472721789
22,EUCL+W,Regular,5,0,119,1067,1186,16428.7993721,12.4193262873,82384.0991621,14601.5869546,0.106982176015
23,EUCL+W,Regular,5,0,119,1067,1186,14779.5925419,168.970644847,86626.9827382,13278.6023009,0.0976209504614
24,EUCL+W,Regular,5,0,119,1067,1186,18279.1327351,52.36703706,69878.8527307,16165.4350531,0.115678224116
25,EUCL+W,Regular,5,0,119,1067,1186,16620.2039304,374.093269427,93746.5912143,13757.991199,0.101180473805
26,EUCL+W,Regular,5,0,118,1068,1186,18980.5463327,475.264812043,78523.3426559,15065.4005363,0.116911380091
27,EUCL+W,Regular,5,0,118,1068,1185,17826.4839537,6.33940028946,106806.055958,16564.0750459,0.117824227053
28,EUCL+W,Regular,5,0,118,1068,1186,19083.532164,181.238558674,98184.3966329,17837.6081332,0.117222690349
29,EUCL+W,Regular,5,0,118,1068,1186,20938.1379843,37.2887488907,104909.399891,18413.8582344,0.128547348092
30,EUCL+W,Regular,7,0,119,1067,1186,18066.8197324,85.2349167224,96702.4770686,16744.1260444,0.112232478489
31,EUCL+W,Regular,7,0,119,1067,1186,20520.651334,274.010822785,85105.2754743,17913.5185326,0.117851069485
32,EUCL+W,Regular,7,0,119,1067,1186,18191.3932091,54.8753373478,67192.1564849,13818.4054935,0.114832700932
33,EUCL+W,Regular,7,0,119,1067,1186,15312.5206625,147.826330827,74110.5086735,13069.0762009,0.102757434574
34,EUCL+W,Regular,7,0,119,1067,1185,16809.2336014,13.4140270737,81657.5590915,15209.3129491,0.110573263542
35,EUCL+W,Regular,7,0,119,1067,1186,17917.0083132,36.3720964028,102675.349877,16575.8955895,0.114823930249
36,EUCL+W,Regular,7,0,118,1068,1186,18815.3691277,534.89030614,97658.203645,16537.9558555,0.121326426473
37,EUCL+W,Regular,7,0,118,1068,1186,18621.2513484,605.859072594,56176.1938049,13609.2172238,0.122449617167
38,EUCL+W,Regular,7,0,118,1068,1186,17064.1391584,137.219080929,90110.4303976,16337.1588591,0.108379591067
39,EUCL+W,Regular,7,0,118,1068,1186,18660.3732888,71.5776432532,78869.4000097,15381.4481812,0.121860312389
40,EUCL+W,Regular,10,0,119,1067,1186,16936.4594284,69.6397791265,67254.3829098,14692.1653451,0.113119437751
41,EUCL+W,Regular,10,0,119,1067,1186,20326.939881,307.197007933,80042.9409236,15490.5149068,0.120158594283
42,EUCL+W,Regular,10,0,119,1067,1186,18718.9748488,59.9775928128,74393.6453002,13949.7840761,0.119969803704
43,EUCL+W,Regular,10,0,119,1067,1186,18924.37385,91.1864756531,80830.2360463,15207.7936635,0.120373484503
44,EUCL+W,Regular,10,0,119,1067,1186,18543.6299891,294.751842066,105320.831592,19515.4560441,0.117189735248
45,EUCL+W,Regular,10,0,119,1067,1186,19696.0683199,181.54472355,79066.6442949,17621.447865,0.120356284128
46,EUCL+W,Regular,10,0,118,1068,1186,16749.1738071,102.697505915,67362.5593922,15105.8583066,0.111440074601
47,EUCL+W,Regular,10,0,118,1068,1186,16351.8631318,428.375380924,67344.3346105,13537.6983974,0.109461465424
48,EUCL+W,Regular,10,0,118,1068,1186,20086.0578696,413.852065627,73368.3645611,16328.5770764,0.120980089317
49,EUCL+W,Regular,10,0,118,1068,1186,19155.5313817,33.0353409068,85076.0768847,16010.3427092,0.124845744843
50,EUCL+W,Always,2,0,119,1067,1186,19199.4691457,11.1797400447,88180.0727342,15461.917606,0.125459446177
51,EUCL+W,Always,2,0,119,1067,1186,15933.7542672,667.977014779,56571.1654131,12540.5424806,0.108901740605
52,EUCL+W,Always,2,0,119,1067,1186,19987.6941553,121.226555013,88830.0287756,17395.7925603,0.12270912638
53,EUCL+W,Always,2,0,119,1067,1186,17914.8772874,442.256680028,94436.5655263,14705.7398172,0.113163865354
54,EUCL+W,Always,2,0,119,1067,1186,16696.6868039,0.0,81187.8109739,16140.7583074,0.112107315809
55,EUCL+W,Always,2,0,119,1067,1186,17475.369379,21.8148995148,87118.5988794,16753.498041,0.11162174144
56,EUCL+W,Always,2,0,118,1068,1186,19120.1059853,181.146658028,84317.4103072,17013.0582815,0.117799320147
57,EUCL+W,Always,2,0,118,1068,1186,22932.8889573,62.8568735079,113043.618886,20019.6222148,0.14051224672
58,EUCL+W,Always,2,0,118,1068,1186,19667.1313515,126.143579067,81681.3221247,16709.5226445,0.123644244943
59,EUCL+W,Always,2,0,118,1068,1186,19833.5635022,217.477226877,88330.0308885,18854.9963712,0.122054738219
60,EUCL+W,Always,3,0,119,1067,1186,16561.6127863,14.0191177442,73408.9091007,15114.3664248,0.106707479206
61,EUCL+W,Always,3,0,119,1067,1186,17435.1567868,437.085066685,88259.7541291,14880.9434865,0.115772801698
62,EUCL+W,Always,3,0,119,1067,1186,17987.8619089,214.210724491,88890.0476626,16055.1761368,0.114666407931
63,EUCL+W,Always,3,0,119,1067,1186,18484.4478624,3.11886454723,85153.4017591,16978.5862186,0.115226482325
64,EUCL+W,Always,3,0,119,1067,1186,19917.644998,343.281478178,68523.9180088,15953.9867566,0.122724760382
65,EUCL+W,Always,3,0,119,1067,1186,19583.7263665,144.84185588,77071.5972688,16258.3397121,0.131414775714
66,EUCL+W,Always,3,0,118,1068,1186,18008.1068469,18.5283628079,103840.847798,18534.6201696,0.115577126054
67,EUCL+W,Always,3,0,118,1068,1186,18296.8659539,63.3993910599,99924.7179076,18059.4060472,0.111447802351
68,EUCL+W,Always,3,0,118,1068,1186,16956.6621003,688.227166888,63913.6174143,13613.5463431,0.110482817141
69,EUCL+W,Always,3,0,118,1068,1186,17132.4941161,102.022805084,85944.7337081,15688.6171686,0.105483937595
70,EUCL+W,Always,5,0,119,1067,1186,16734.9249658,96.650145938,84173.622579,15485.3348108,0.106578978068
71,EUCL+W,Always,5,0,119,1067,1186,18696.6276271,35.5264516977,94320.2019197,17243.2489339,0.11455815018
72,EUCL+W,Always,5,0,119,1067,1186,18405.5191682,199.054858007,94757.7896227,17182.465353,0.117698489248
73,EUCL+W,Always,5,0,119,1067,1186,19068.2140653,54.4714357409,104790.802649,15913.1381882,0.122822565125
74,EUCL+W,Always,5,0,119,1067,1186,15257.8612682,98.3271251225,90107.1700054,14155.0741838,0.0949952286441
75,EUCL+W,Always,5,0,119,1067,1186,17470.2261692,255.774421213,74051.0791755,14752.4413167,0.113952055042
76,EUCL+W,Always,5,0,118,1068,1186,19297.7621214,73.2423250943,73267.0417729,16787.6964773,0.124430922405
77,EUCL+W,Always,5,0,118,1068,1186,18010.7857129,192.327363871,98741.2783097,15101.8576223,0.10959366217
78,EUCL+W,Always,5,0,118,1068,1186,18151.9233919,52.36703706,77946.2644082,15952.1272084,0.11672332429
79,EUCL+W,Always,5,0,118,1068,1186,17906.8112424,60.6177866714,68028.6994441,14714.6891578,0.118954881788
80,EUCL+W,Always,7,0,119,1067,1186,18443.226615,45.5409989633,100482.344357,16657.4293103,0.121835914557
81,EUCL+W,Always,7,0,119,1067,1186,19801.4843563,152.052826471,103125.557529,16649.2268341,0.124191892784
82,EUCL+W,Always,7,0,119,1067,1186,17042.5591013,26.8389512713,105280.111375,16788.1223118,0.104632786013
83,EUCL+W,Always,7,0,119,1067,1186,16576.2582479,2.17144436116,68509.1724527,14653.1719571,0.103804769682
84,EUCL+W,Always,7,0,119,1067,1186,19963.0735501,259.893913955,101831.453676,18535.4545879,0.120222961774
85,EUCL+W,Always,7,0,119,1067,1186,15839.2330959,108.143204143,63682.9258617,13893.3873102,0.104768286369
86,EUCL+W,Always,7,0,118,1068,1186,19837.8718648,209.601801638,78092.3028974,14760.778379,0.131345122
87,EUCL+W,Always,7,0,118,1068,1186,17326.82773,35.9464828068,65062.4874865,13935.8008621,0.102945756928
88,EUCL+W,Always,7,0,118,1068,1186,18456.9067257,97.3228351073,77894.055228,15108.5181078,0.119595646217
89,EUCL+W,Always,7,0,118,1068,1186,15372.7907607,466.2032593,61707.881274,12915.0780997,0.10409201916
90,EUCL+W,Always,10,0,119,1067,1186,19190.8520052,63.7635201984,70092.0316878,16011.5838057,0.117793670097
91,EUCL+W,Always,10,0,119,1067,1186,18906.3078364,255.19218888,107025.602503,16450.9010381,0.126757157257
92,EUCL+W,Always,10,0,119,1067,1186,16017.9861945,213.872777185,77093.535846,14007.3412985,0.101634326036
93,EUCL+W,Always,10,0,119,1067,1186,18888.6633363,40.7194922656,116486.071229,17693.6467637,0.114914462853
94,EUCL+W,Always,10,0,119,1067,1186,17112.3108772,41.228216245,73688.6612765,15639.144431,0.112412711469
95,EUCL+W,Always,10,0,119,1067,1186,21202.9971342,51.8635541629,98932.8002657,17641.8172258,0.131313982811
96,EUCL+W,Always,10,0,118,1068,1186,20769.806451,64.60183879,86939.308349,17589.2043812,0.136298705292
97,EUCL+W,Always,10,0,118,1068,1186,20066.8404194,31.4840779752,80130.0227044,16389.0524626,0.12784989925
98,EUCL+W,Always,10,0,118,1068,1186,19520.2836624,114.597585109,83448.9405682,16947.2232285,0.116528371721
99,EUCL+W,Always,10,0,118,1068,1186,17435.8239218,22.8661742707,69825.0092676,15535.0711836,0.110795527215
100,EUCL+W,Never,2,0,119,1067,1067,19794.7678239,126.143579067,112988.064731,15868.4710107,0.12546076869
101,EUCL+W,Never,2,0,119,1067,1067,18809.7856024,138.466814947,72284.0036842,15221.1258399,0.122407807508
102,EUCL+W,Never,2,0,119,1067,1067,16368.7557743,119.875594365,70532.1028573,12856.3686075,0.108540663113
103,EUCL+W,Never,2,0,119,1067,1067,18262.7352965,49.0884468787,100374.85319,17798.4924856,0.114861796733
104,EUCL+W,Never,2,0,119,1067,1067,16789.532974,169.995704549,79021.8606326,15878.018357,0.111379067162
105,EUCL+W,Never,2,0,119,1067,1067,20889.5484642,12.1323110064,87292.6633564,19510.5599847,0.123501584128
106,EUCL+W,Never,2,0,118,1068,1068,19892.6341024,116.084639115,99581.9559169,17834.7829748,0.11891106884
107,EUCL+W,Never,2,0,118,1068,1068,19351.2144466,0.0,75088.8291728,16951.2281194,0.116402582617
108,EUCL+W,Never,2,0,118,1068,1068,18831.6017141,62.8568735079,92232.5433712,16385.2472734,0.130128123956
109,EUCL+W,Never,2,0,118,1068,1068,16902.1306769,30.4111969513,81076.2922332,15035.8192713,0.11026640323
110,EUCL+W,Never,3,0,119,1067,1067,19310.7801037,41.7712917124,104466.566462,18478.5160636,0.111482827252
111,EUCL+W,Never,3,0,119,1067,1067,17098.3708951,28.0671359573,94141.1461992,17046.1225399,0.110350377858
112,EUCL+W,Never,3,0,119,1067,1067,19051.1489749,330.561880791,88890.0476626,16904.1758899,0.121208240481
113,EUCL+W,Never,3,0,119,1067,1067,17303.8315095,320.591827134,79229.0412101,15007.9933045,0.110607790125
114,EUCL+W,Never,3,0,119,1067,1067,17939.1545416,330.645896636,74173.3822214,16348.5443083,0.111225503512
115,EUCL+W,Never,3,0,119,1067,1067,17232.3943997,190.618181078,94405.4297357,16290.3726516,0.104235591525
116,EUCL+W,Never,3,0,118,1068,1068,14820.3385042,17.7013033421,88259.7541291,13935.4937147,0.0982776937939
117,EUCL+W,Never,3,0,118,1068,1068,18595.8521289,147.408521818,76267.2890809,16094.8612379,0.12095191079
118,EUCL+W,Never,3,0,118,1068,1068,19013.503203,22.0235199351,73900.6781331,15514.583926,0.126409084765
119,EUCL+W,Never,3,0,118,1068,1068,18319.1849485,105.460136032,106375.069318,16863.8891366,0.125425726836
120,EUCL+W,Never,5,0,119,1067,1067,16084.8202661,274.644102231,79455.7879611,14185.7008263,0.105593756608
121,EUCL+W,Never,5,0,119,1067,1067,18422.4523971,101.702231794,83374.8968634,16251.2519101,0.118061602589
122,EUCL+W,Never,5,0,119,1067,1067,17543.2939779,82.387752503,67423.9473082,15283.7837426,0.111151276299
123,EUCL+W,Never,5,0,119,1067,1067,16574.5258121,817.945438049,70371.6100464,13322.2771716,0.105696213256
124,EUCL+W,Never,5,0,119,1067,1067,16650.7593518,623.507812697,65482.4985169,12782.7052235,0.110109013687
125,EUCL+W,Never,5,0,119,1067,1067,19263.1399869,38.7753109203,73268.5804731,17138.4152687,0.117987436687
126,EUCL+W,Never,5,0,118,1068,1068,19561.0519355,65.6029091863,99984.5279315,17068.1199674,0.117027503572
127,EUCL+W,Never,5,0,118,1068,1068,19363.4394839,77.0430535744,104790.802649,19158.6904609,0.119473276819
128,EUCL+W,Never,5,0,118,1068,1068,16643.897189,107.614481335,73920.5520025,13593.3203103,0.10952674571
129,EUCL+W,Never,5,0,118,1068,1068,16286.1514465,47.2951236514,88910.7623185,16289.663705,0.103337056324
130,EUCL+W,Never,7,0,119,1067,1067,17482.5789503,178.432028691,83761.4934286,15413.8921279,0.113187300024
131,EUCL+W,Never,7,0,119,1067,1067,18731.1492442,27.1165994645,97343.0994666,18165.7409415,0.119456113119
132,EUCL+W,Never,7,0,119,1067,1067,17878.609251,64.6300079347,90210.2900551,15583.766257,0.113093506877
133,EUCL+W,Never,7,0,119,1067,1067,17913.9643509,45.5409989633,85196.2365702,16525.4826729,0.111293665144
134,EUCL+W,Never,7,0,119,1067,1067,19924.849797,152.16925394,88354.2381167,16589.4999454,0.127348168737
135,EUCL+W,Never,7,0,119,1067,1067,16415.5130306,119.975336856,59815.0476946,12057.9051401,0.112510852943
136,EUCL+W,Never,7,0,118,1068,1068,16803.8397506,11.6287031791,79197.6550858,17005.7488845,0.103373295348
137,EUCL+W,Never,7,0,118,1068,1068,16614.2010611,548.083108631,76130.6821124,14793.8933496,0.1077950546
138,EUCL+W,Never,7,0,118,1068,1068,17899.0003601,37.3337025806,53563.5295652,13660.7822246,0.108841612982
139,EUCL+W,Never,7,0,118,1068,1068,17299.6219754,141.297311884,59295.7169628,13944.7136434,0.110171394632
140,EUCL+W,Never,10,0,119,1067,1067,15624.0127204,74.7181446179,54488.8609645,13412.4295576,0.100434871279
141,EUCL+W,Never,10,0,119,1067,1067,22935.5066612,237.597054353,83187.6437538,18807.2627854,0.142669117709
142,EUCL+W,Never,10,0,119,1067,1067,15813.6621969,53.2080342386,89678.1454389,14529.0360791,0.105596902623
143,EUCL+W,Never,10,0,119,1067,1067,18890.3466657,155.040758279,86509.5970679,17151.7284869,0.125184929483
144,EUCL+W,Never,10,0,119,1067,1067,18659.1892873,161.047231458,88716.5848352,17644.5653914,0.115427309635
145,EUCL+W,Never,10,0,119,1067,1067,18791.6907889,82.331286674,81870.9745851,16058.3207983,0.11923921914
146,EUCL+W,Never,10,0,118,1068,1068,16126.5965878,63.6851165712,64213.9252313,13461.8211937,0.103886810759
147,EUCL+W,Never,10,0,118,1068,1068,17762.7654265,276.473863862,115933.001653,16984.0190184,0.113221390177
148,EUCL+W,Never,10,0,118,1068,1068,18551.3023261,99.7392328042,78624.2158999,14627.8432885,0.114608030601
149,EUCL+W,Never,10,0,118,1068,1068,18941.1941033,798.335962946,68320.4741022,15405.7735882,0.11598422265
150,EUCL,Regular,2,0,119,1067,1175,16352.4053224,46.3617850746,89875.2397011,16339.9337914,0.100462902393
151,EUCL,Regular,2,0,119,1067,1163,17510.248523,59.86215109,61537.2991478,14714.9309784,0.125911410655
152,EUCL,Regular,2,0,119,1067,1169,18013.3100589,29.0084786669,81411.6947093,15510.7157141,0.118975182003
153,EUCL,Regular,2,0,119,1067,1172,19651.6026274,34.2392852046,98293.9571481,18771.8177327,0.127906982136
154,EUCL,Regular,2,0,119,1067,1165,23200.0772616,0.0,103655.408412,22158.6231607,0.139191853644
155,EUCL,Regular,2,0,119,1067,1165,17996.9636486,50.7083898447,77384.7569788,14827.2216832,0.112585328567
156,EUCL,Regular,2,0,118,1068,1167,21269.443868,720.561203378,119946.847803,21169.6179591,0.132794966545
157,EUCL,Regular,2,0,118,1068,1171,21036.0919694,282.942900046,93144.4943981,18796.086733,0.12965357361
158,EUCL,Regular,2,0,118,1068,1165,19390.0006793,110.789657133,91655.5341506,19273.3231267,0.121894792441
159,EUCL,Regular,2,0,118,1068,1167,19347.3000936,340.757949378,77301.2551701,17198.167832,0.123545845467
160,EUCL,Regular,3,0,119,1067,1181,19724.9125029,558.287072345,75540.202945,15526.3787351,0.1295594445
161,EUCL,Regular,3,0,119,1067,1185,16540.6352482,260.625316042,103912.131644,18020.1972691,0.106535922496
162,EUCL,Regular,3,0,119,1067,1184,18310.294852,737.284530943,77093.3582807,14764.8593243,0.115395103225
163,EUCL,Regular,3,0,119,1067,1183,18373.2065992,46.5140841633,90853.5202398,16574.9885994,0.119135744761
164,EUCL,Regular,3,0,119,1067,1183,17874.7204786,8.38105748271,101713.667746,15744.4260128,0.109979454411
165,EUCL,Regular,3,0,119,1067,1186,21985.8693481,243.561045098,117814.621549,20815.0942725,0.140963019458
166,EUCL,Regular,3,0,118,1068,1182,20427.4746022,263.454689872,77346.2878825,17042.1023366,0.124641530283
167,EUCL,Regular,3,0,118,1068,1182,19714.264658,163.310406376,75520.2764192,16451.2904588,0.1319458436
168,EUCL,Regular,3,0,118,1068,1183,16770.5142092,344.937491782,100709.941278,15961.4121131,0.105287743672
169,EUCL,Regular,3,0,118,1068,1180,16536.0165997,308.566270352,92463.9492566,16017.054938,0.107002762535
170,EUCL,Regular,5,0,119,1067,1186,17843.5589324,250.074849718,91321.1751302,15446.1194464,0.110406873623
171,EUCL,Regular,5,0,119,1067,1186,18303.7927831,37.2732986345,88971.4238237,16336.3152787,0.124707695465
172,EUCL,Regular,5,0,119,1067,1185,19578.8337135,126.486087325,119552.599552,18371.6023464,0.121370476429
173,EUCL,Regular,5,0,119,1067,1186,16321.6101667,30.1097608976,79502.9032415,13628.7017902,0.10173411481
174,EUCL,Regular,5,0,119,1067,1185,16577.0590329,29.7401890255,90217.1450351,14773.9611688,0.114949883229
175,EUCL,Regular,5,0,119,1067,1186,16348.8621021,442.363021051,64724.2950171,12700.0946809,0.110997565514
176,EUCL,Regular,5,0,118,1068,1186,18951.160179,225.372310156,97452.3511617,17912.0653439,0.117487776554
177,EUCL,Regular,5,0,118,1068,1186,18548.0858219,7.57451293414,87825.7116055,16465.7727875,0.110329996819
178,EUCL,Regular,5,0,118,1068,1186,17188.8147326,43.5735420881,87291.3352456,16347.6450668,0.108680395456
179,EUCL,Regular,5,0,118,1068,1186,19173.8104413,106.824688113,96810.0593102,17193.6149071,0.115805964227
180,EUCL,Regular,7,0,119,1067,1186,16302.2177348,374.793176382,78651.0090464,15694.5484116,0.102359102999
181,EUCL,Regular,7,0,119,1067,1186,19443.5810913,105.087137687,90914.4915995,14671.8985408,0.123863845188
182,EUCL,Regular,7,0,119,1067,1186,19982.3956964,922.319070864,78423.8315734,15235.1852096,0.129288501942
183,EUCL,Regular,7,0,119,1067,1186,18567.1752797,401.528900677,78707.9715204,15603.441193,0.109269046608
184,EUCL,Regular,7,0,119,1067,1186,16795.1515783,157.328717852,97880.5446429,15719.7282034,0.104843233671
185,EUCL,Regular,7,0,119,1067,1186,15725.0776074,173.583976526,81328.3508456,15030.7696021,0.101936607628
186,EUCL,Regular,7,0,118,1068,1186,20085.2052385,5.19470100415,99802.5420854,18336.4185694,0.121912521955
187,EUCL,Regular,7,0,118,1068,1186,16921.1254178,210.799570921,91842.5272736,16301.892744,0.112796943986
188,EUCL,Regular,7,0,118,1068,1186,19503.9051018,129.593630206,64225.5368852,15084.983257,0.126308362146
189,EUCL,Regular,7,0,118,1068,1186,19291.869211,35.7559087678,110993.432539,17193.4543116,0.125971510087
190,EUCL,Regular,10,0,119,1067,1186,17696.8161069,5.0763209072,84971.1359596,14391.8184106,0.115950130976
191,EUCL,Regular,10,0,119,1067,1186,15433.5647044,206.681037052,65582.8392149,12968.8656583,0.102112445396
192,EUCL,Regular,10,0,119,1067,1186,16867.4943962,7.15405591426,81991.1737938,15470.887425,0.107859162883
193,EUCL,Regular,10,0,119,1067,1186,19513.3835806,18.5194697846,100534.321003,16658.9322623,0.119340872324
194,EUCL,Regular,10,0,119,1067,1186,18754.6263501,26.370918399,95668.2856574,17178.7930207,0.122540324912
195,EUCL,Regular,10,0,119,1067,1186,18760.0085611,29.7951742415,87141.9746061,16133.9575686,0.115819318224
196,EUCL,Regular,10,0,118,1068,1186,19148.093015,393.075628545,78600.1374334,17409.6526462,0.127690340919
197,EUCL,Regular,10,0,118,1068,1186,20875.861719,25.4365708954,91239.3247032,17970.9411125,0.125154376143
198,EUCL,Regular,10,0,118,1068,1186,22437.657049,175.659925191,113799.657932,19568.4752932,0.135280132086
199,EUCL,Regular,10,0,118,1068,1186,19615.3654461,79.0889324193,84137.9154792,16762.6291434,0.128621100066
200,EUCL,Always,2,0,119,1067,1186,18668.1141011,76.6952282951,103655.408412,18222.4783104,0.114516420175
201,EUCL,Always,2,0,119,1067,1186,19637.7437721,1252.82722218,97147.5502812,18381.010762,0.134377944568
202,EUCL,Always,2,0,119,1067,1186,18836.9656443,118.139181639,100374.85319,19425.0152824,0.117835915649
203,EUCL,Always,2,0,119,1067,1186,19410.2381105,250.144702854,86710.718985,16505.5228028,0.124146347581
204,EUCL,Always,2,0,119,1067,1186,19373.3901803,0.0,93365.8272915,17139.3976934,0.12437459149
205,EUCL,Always,2,0,119,1067,1186,18409.8729749,56.0185384364,98882.8575332,18819.6123209,0.115134436303
206,EUCL,Always,2,0,118,1068,1186,18509.3820262,282.029086137,118209.542911,17772.6825465,0.118420171251
207,EUCL,Always,2,0,118,1068,1186,19239.8851721,231.627755879,86689.1667359,16843.8468168,0.125605048653
208,EUCL,Always,2,0,118,1068,1186,17538.8653172,33.8697776084,81863.9994275,15886.0078662,0.109827223858
209,EUCL,Always,2,0,118,1068,1186,21208.5144548,167.798428865,103246.701404,20594.1732438,0.127143558087
210,EUCL,Always,3,0,119,1067,1186,20186.6635761,309.357738852,89806.5073023,19283.4432541,0.125476459706
211,EUCL,Always,3,0,119,1067,1186,18418.0786836,600.72472062,64445.8214959,14449.0482646,0.117733104168
212,EUCL,Always,3,0,119,1067,1186,17394.0770597,5.78753727479,70308.2342435,15269.6766095,0.112413758144
213,EUCL,Always,3,0,119,1067,1186,20916.922122,276.479367128,101715.279557,19937.3009296,0.126333080414
214,EUCL,Always,3,0,119,1067,1186,18563.3547789,275.743483298,77323.7848641,16437.0065938,0.117130592262
215,EUCL,Always,3,0,119,1067,1186,18053.2315401,31.3917029246,57242.5916367,15239.026484,0.115348016416
216,EUCL,Always,3,0,118,1068,1186,16801.5818435,136.532547892,99927.2437135,17218.7790674,0.105345921222
217,EUCL,Always,3,0,118,1068,1186,18493.1425608,33.3282439683,93421.3315913,15987.8588511,0.120009473511
218,EUCL,Always,3,0,118,1068,1186,19971.5215064,365.65956441,75255.5972824,16043.8342856,0.133750998032
219,EUCL,Always,3,0,118,1068,1186,19804.9429796,97.6937076164,117805.063823,18236.9500107,0.128015912395
220,EUCL,Always,5,0,119,1067,1186,15498.6212511,303.324535498,95586.9051756,14566.4708945,0.099476587923
221,EUCL,Always,5,0,119,1067,1186,18859.6077809,407.499263238,91751.5936539,15586.2182761,0.121628848788
222,EUCL,Always,5,0,119,1067,1186,17198.5961646,140.093505279,63730.5664793,14633.9054475,0.117054137756
223,EUCL,Always,5,0,119,1067,1186,17520.3677392,387.192559655,98551.7235072,17585.2503472,0.107541517828
224,EUCL,Always,5,0,119,1067,1186,19100.5206985,130.217578601,104742.690067,18361.7734131,0.119902649839
225,EUCL,Always,5,0,119,1067,1186,18057.0501065,222.953797546,82246.7849296,15211.1311939,0.108254066101
226,EUCL,Always,5,0,118,1068,1186,17871.2403715,148.483216489,119757.311626,17289.918814,0.122545881935
227,EUCL,Always,5,0,118,1068,1186,19448.742951,30.0069512848,67222.5400726,15701.893014,0.116718551277
228,EUCL,Always,5,0,118,1068,1186,17944.962474,584.982378117,86185.7342988,16940.2969351,0.117906240207
229,EUCL,Always,5,0,118,1068,1186,19111.6324372,125.734900301,82218.1132893,14983.2273977,0.119780147807
230,EUCL,Always,7,0,119,1067,1186,18112.4394763,165.798152837,81889.9957434,15987.0450243,0.107733143036
231,EUCL,Always,7,0,119,1067,1186,18363.323452,95.6411358528,92346.3963957,17023.394523,0.11473702535
232,EUCL,Always,7,0,119,1067,1186,18402.7500744,55.2408599918,99043.7124362,17351.8020112,0.118680127777
233,EUCL,Always,7,0,119,1067,1186,17214.7380468,48.6532872947,88793.4505723,15143.2865914,0.110624264334
234,EUCL,Always,7,0,119,1067,1186,17681.5149422,563.741529073,61756.8627122,13979.7967423,0.119172440294
235,EUCL,Always,7,0,119,1067,1186,18449.8251906,78.9909550615,65274.9831311,15034.6703645,0.120831508958
236,EUCL,Always,7,0,118,1068,1186,17894.7799017,83.7442827704,71339.6118588,14207.7077146,0.113514162172
237,EUCL,Always,7,0,118,1068,1186,19033.0614311,103.767876984,79665.4239849,17598.5535388,0.117076462441
238,EUCL,Always,7,0,118,1068,1186,17920.275746,17.5016171276,86156.7444061,14232.7369003,0.122336931501
239,EUCL,Always,7,0,118,1068,1186,18930.369862,76.4801323322,117905.419064,17024.7834744,0.115865285652
240,EUCL,Always,10,0,119,1067,1186,17216.0532667,34.8991329209,88518.115208,15202.7868034,0.11321069789
241,EUCL,Always,10,0,119,1067,1186,19691.606726,156.628444473,109973.385574,17583.9555702,0.120217153621
242,EUCL,Always,10,0,119,1067,1186,17556.1354876,79.0889324193,77720.1772228,15540.6904902,0.117094747734
243,EUCL,Always,10,0,119,1067,1186,16475.8116694,15.9196452592,56887.5554949,13845.9515964,0.103631000735
244,EUCL,Always,10,0,119,1067,1186,17540.2744081,61.9844195397,73048.3378929,13426.4477441,0.117899727152
245,EUCL,Always,10,0,119,1067,1186,21169.9614917,761.487732838,80337.7717323,17216.2881546,0.136382880882
246,EUCL,Always,10,0,118,1068,1186,18195.794194,144.505049608,101112.867381,16591.4136691,0.117852842115
247,EUCL,Always,10,0,118,1068,1186,18579.868696,160.56006399,96994.0896062,16251.7094252,0.114238398007
248,EUCL,Always,10,0,118,1068,1186,20548.9067765,234.185189868,73711.5350647,17156.3360928,0.127052415333
249,EUCL,Always,10,0,118,1068,1186,20247.9052271,47.9363133021,82830.3925744,15032.5544896,0.129096175131
250,EUCL,Never,2,0,119,1067,1067,17776.4103415,154.993709404,100374.85319,15840.91221,0.116707377936
251,EUCL,Never,2,0,119,1067,1067,19986.4605338,426.891275838,96450.8010411,18763.2811557,0.126989586765
252,EUCL,Never,2,0,119,1067,1067,19334.4543895,108.869120357,83532.5471512,17420.0922442,0.121861596057
253,EUCL,Never,2,0,119,1067,1067,18598.2966817,954.110431923,90153.0554566,16558.4113317,0.113676529227
254,EUCL,Never,2,0,119,1067,1067,16371.7923053,9.39715062003,81679.6349677,15211.013388,0.107902790578
255,EUCL,Never,2,0,119,1067,1067,20508.8178745,238.468117037,100904.853038,18983.6724015,0.121333787041
256,EUCL,Never,2,0,118,1068,1068,22246.0028931,1044.17665904,86398.3343698,18872.9335119,0.136218532606
257,EUCL,Never,2,0,118,1068,1068,17850.0891168,30.7417451314,91617.9974999,17451.044072,0.118554457207
258,EUCL,Never,2,0,118,1068,1068,19574.6666703,282.028587229,118278.730684,18207.4576994,0.13030397481
259,EUCL,Never,2,0,118,1068,1068,17444.9320988,230.949536529,101085.606926,16966.0233692,0.114057527793
260,EUCL,Never,3,0,119,1067,1067,18675.7261173,8.38105748271,93421.3878522,17517.0508705,0.129530245698
261,EUCL,Never,3,0,119,1067,1067,18606.0673337,274.396932932,77323.7848641,16011.2067544,0.123679286341
262,EUCL,Never,3,0,119,1067,1067,18573.2161809,437.426540334,121418.470672,17153.6212532,0.117643256864
263,EUCL,Never,3,0,119,1067,1067,20423.055043,202.367262403,105165.294378,18588.5090496,0.130668534669
264,EUCL,Never,3,0,119,1067,1067,18880.8888588,194.330508379,85534.9063789,16996.8266054,0.113634063072
265,EUCL,Never,3,0,119,1067,1067,19980.4016192,40.8126407218,94262.0967516,17289.3053301,0.126670240527
266,EUCL,Never,3,0,118,1068,1068,20188.7573925,53.4576007886,97454.6222383,16186.6654334,0.128343374212
267,EUCL,Never,3,0,118,1068,1068,17926.5062378,356.119751896,91127.91022,16497.7356091,0.107719969356
268,EUCL,Never,3,0,118,1068,1068,17428.9077023,114.678168942,99920.2826297,16163.5203298,0.117020892775
269,EUCL,Never,3,0,118,1068,1068,17492.9845999,31.3917029246,72865.5933805,16136.6300828,0.102862218206
270,EUCL,Never,5,0,119,1067,1067,17980.3845128,30.0069512848,63065.2187922,14264.3104557,0.115346556626
271,EUCL,Never,5,0,119,1067,1067,20269.7428122,294.156078253,80800.4202682,16988.4432001,0.129681503784
272,EUCL,Never,5,0,119,1067,1067,19497.3256395,210.250128392,96809.861253,16426.890201,0.12202742622
273,EUCL,Never,5,0,119,1067,1067,18522.3819631,227.466510687,92340.1816093,17475.1993685,0.116062697164
274,EUCL,Never,5,0,119,1067,1067,16516.629281,208.059125452,76523.2780262,14283.6501947,0.10865251393
275,EUCL,Never,5,0,119,1067,1067,18018.3875459,115.09143703,119724.699214,19067.0888437,0.108957018291
276,EUCL,Never,5,0,118,1068,1068,16025.6469733,67.5322340422,66899.6743221,14086.0904038,0.106339713881
277,EUCL,Never,5,0,118,1068,1068,19012.714343,361.558123568,85108.8006315,16297.4001862,0.116542909776
278,EUCL,Never,5,0,118,1068,1068,14397.4530389,7.57451293414,60126.6589873,12822.9293066,0.0940671770789
279,EUCL,Never,5,0,118,1068,1068,19396.3518952,130.217578601,91327.0198238,17517.9963326,0.124923941297
280,EUCL,Never,7,0,119,1067,1067,19017.7201414,354.652201659,99797.0206324,19293.7028638,0.112467682981
281,EUCL,Never,7,0,119,1067,1067,21178.8854096,425.361182709,99288.0541948,15999.9344397,0.139594429322
282,EUCL,Never,7,0,119,1067,1067,17747.2863255,18.5831758641,78902.3267084,14259.2485757,0.114758798949
283,EUCL,Never,7,0,119,1067,1067,18559.8263305,144.222644077,96772.9861905,17778.1119553,0.121230073651
284,EUCL,Never,7,0,119,1067,1067,18960.4109198,118.151466886,85554.7994664,15485.2744278,0.11891787626
285,EUCL,Never,7,0,119,1067,1067,13949.0537662,507.321062276,61354.9056046,12023.3999258,0.0884330633914
286,EUCL,Never,7,0,118,1068,1068,18330.7471716,496.823136704,85691.3556236,15938.120118,0.113555281382
287,EUCL,Never,7,0,118,1068,1068,18821.1416851,545.985982208,89715.0509941,15805.4156504,0.123110825847
288,EUCL,Never,7,0,118,1068,1068,15955.5183275,493.399121366,109852.032076,15242.2049968,0.107172783879
289,EUCL,Never,7,0,118,1068,1068,17443.4148246,24.475438723,84623.8888159,15993.9729947,0.112022816538
290,EUCL,Never,10,0,119,1067,1067,18457.2314566,269.682402132,108441.638216,17521.4200411,0.124654398635
291,EUCL,Never,10,0,119,1067,1067,18852.2232549,58.3977357768,70316.267157,14816.3368495,0.117903641287
292,EUCL,Never,10,0,119,1067,1067,19421.2390182,307.971618292,76828.546344,16454.823371,0.125998959076
293,EUCL,Never,10,0,119,1067,1067,15111.544287,194.529096562,78825.9630125,14415.1235929,0.099906234791
294,EUCL,Never,10,0,119,1067,1067,19423.3130153,77.7748057975,80692.6301068,16270.8602957,0.127733504766
295,EUCL,Never,10,0,119,1067,1067,19101.6955629,168.260326998,72493.9808109,13869.8406637,0.122301797682
296,EUCL,Never,10,0,118,1068,1068,20037.9836605,386.550207703,91432.6282771,17759.1711267,0.126489400018
297,EUCL,Never,10,0,118,1068,1068,17684.4390072,256.247343908,89937.5438288,17925.6414271,0.107621891483
298,EUCL,Never,10,0,118,1068,1068,19742.4344109,76.0749874905,82435.8977573,15362.0259742,0.126844879679
299,EUCL,Never,10,0,118,1068,1068,18642.6318289,2027.92844923,110087.349198,18453.3097995,0.112191089087
300,MANH+W,Regular,2,0,119,1067,1166,18015.7682037,39.1344751149,67810.8918777,14486.6649769,0.1080786965
301,MANH+W,Regular,2,0,119,1067,1165,16675.6753259,102.02669883,96678.9031147,17094.943308,0.10529158575
302,MANH+W,Regular,2,0,119,1067,1163,17265.9177751,145.625376516,113182.311813,17153.9405378,0.116423175223
303,MANH+W,Regular,2,0,119,1067,1161,16938.9457617,126.143579067,86540.8709515,16313.9518188,0.105552236382
304,MANH+W,Regular,2,0,119,1067,1171,17951.7452111,168.16917092,66636.0822582,14735.2519354,0.115295106016
305,MANH+W,Regular,2,0,119,1067,1164,17574.7739226,0.0,77980.8737087,16935.7797425,0.107428448244
306,MANH+W,Regular,2,0,118,1068,1163,18379.0393868,169.995704549,80803.4513275,15840.7607265,0.11581305886
307,MANH+W,Regular,2,0,118,1068,1167,16127.0897295,167.794758404,74461.0141182,13444.0217768,0.104587417471
308,MANH+W,Regular,2,0,118,1068,1166,16179.552283,9.5123307152,94401.9512278,14523.5016157,0.107218809911
309,MANH+W,Regular,2,0,118,1068,1165,18645.2231804,183.634111271,83532.5870905,16133.5883384,0.114643171918
310,MANH+W,Regular,3,0,119,1067,1184,17696.9032136,192.45690648,80292.4041032,17210.0751732,0.113032389679
311,MANH+W,Regular,3,0,119,1067,1179,20920.0913715,183.411459451,97520.5276543,18320.748405,0.125942479293
312,MANH+W,Regular,3,0,119,1067,1182,13336.7432509,42.2180290726,53858.135701,11691.0271637,0.0892715408783
313,MANH+W,Regular,3,0,119,1067,1177,16376.1828909,370.554576792,79546.9770997,15708.3155386,0.103962553938
314,MANH+W,Regular,3,0,119,1067,1180,16044.3093468,147.909466815,68680.4268274,14796.208207,0.110724326807
315,MANH+W,Regular,3,0,119,1067,1184,17937.9098309,477.000265287,87875.9342266,14502.1564667,0.108190009821
316,MANH+W,Regular,3,0,118,1068,1180,19901.497567,274.477454685,92795.2319478,15189.2738335,0.124458776247
317,MANH+W,Regular,3,0,118,1068,1181,18675.2711515,19.9949172774,112919.656,16921.200696,0.118684718251
318,MANH+W,Regular,3,0,118,1068,1183,17148.479872,207.535298371,77632.6843958,15351.216043,0.103820669928
319,MANH+W,Regular,3,0,118,1068,1179,13131.1652372,286.348190418,64168.5664591,11237.5191855,0.0866609096152
320,MANH+W,Regular,5,0,119,1067,1185,16938.5979097,32.5774931628,103817.095456,16699.8380761,0.104449451747
321,MANH+W,Regular,5,0,119,1067,1185,16680.7367039,24.9922415385,71600.6649249,12637.9630548,0.109872098849
322,MANH+W,Regular,5,0,119,1067,1186,18034.0218706,820.760595462,112269.811981,17489.0955724,0.113117954972
323,MANH+W,Regular,5,0,119,1067,1185,16907.9427371,271.046948113,99348.9062432,15807.0237137,0.103796779457
324,MANH+W,Regular,5,0,119,1067,1186,17220.9471077,292.055073314,77946.2509574,15719.8101378,0.111360594206
325,MANH+W,Regular,5,0,119,1067,1186,16778.4387958,607.073835122,74415.6477727,14633.783408,0.104682821682
326,MANH+W,Regular,5,0,118,1068,1186,18768.3649924,29.7400812782,85971.4338377,17965.7684502,0.115693078254
327,MANH+W,Regular,5,0,118,1068,1185,15862.1202704,67.1725409104,70701.9953165,15155.3955517,0.0972030162191
328,MANH+W,Regular,5,0,118,1068,1183,16969.96546,77.1030703323,79862.0290673,14671.2716707,0.102548822042
329,MANH+W,Regular,5,0,118,1068,1184,15347.4889093,72.2065809494,60108.9099904,13197.8143282,0.101670387407
330,MANH+W,Regular,7,0,119,1067,1186,16948.8981459,19.6525847961,74243.688901,14310.9134175,0.105151438744
331,MANH+W,Regular,7,0,119,1067,1186,17144.6656059,76.3886388856,87646.1735452,15913.2882376,0.113244752227
332,MANH+W,Regular,7,0,119,1067,1186,14607.4834276,115.698290201,48837.1851279,11423.355824,0.0946937191825
333,MANH+W,Regular,7,0,119,1067,1186,18375.4247632,27.2977378831,61672.9884731,15262.1415895,0.114772401536
334,MANH+W,Regular,7,0,119,1067,1186,17069.2134991,442.895475897,95055.9191838,16459.0528402,0.109973644319
335,MANH+W,Regular,7,0,119,1067,1186,16461.1617557,53.2569354833,81928.5746225,13758.0053885,0.103798174205
336,MANH+W,Regular,7,0,118,1068,1186,20008.7472907,259.203967032,85661.1105449,16828.7324153,0.12471870777
337,MANH+W,Regular,7,0,118,1068,1186,18003.9053454,22.4213795267,95324.6755957,16708.1627083,0.107334615848
338,MANH+W,Regular,7,0,118,1068,1186,17868.7298995,172.826379361,77904.9183917,15799.0364232,0.114948982504
339,MANH+W,Regular,7,0,118,1068,1186,17007.1392361,160.128331574,107739.598567,14407.9646808,0.111173214841
340,MANH+W,Regular,10,0,119,1067,1186,19211.3628839,4.7958754632,80763.9513955,16367.0585387,0.12526459748
341,MANH+W,Regular,10,0,119,1067,1186,18344.3188442,42.1766883049,77997.5386063,15910.0904599,0.111984892438
342,MANH+W,Regular,10,0,119,1067,1186,16483.0264136,80.4684847884,67466.7675858,12290.8395024,0.107311768814
343,MANH+W,Regular,10,0,119,1067,1186,17089.4749699,63.7045686483,69138.5395668,14802.5721993,0.109635444613
344,MANH+W,Regular,10,0,119,1067,1186,21744.272627,929.158469233,104434.881387,19141.4321136,0.126729723755
345,MANH+W,Regular,10,0,119,1067,1186,18117.9183658,78.8015207176,95215.8722136,17401.1591897,0.11312475145
346,MANH+W,Regular,10,0,118,1068,1186,19081.1391809,361.141951019,65473.4476805,15519.1528714,0.124634952858
347,MANH+W,Regular,10,0,118,1068,1186,15833.6086635,45.0081143638,88297.0366914,15446.4753001,0.0998010472441
348,MANH+W,Regular,10,0,118,1068,1186,17337.4530861,447.103662775,70164.4208253,16125.9632597,0.111147988273
349,MANH+W,Regular,10,0,118,1068,1186,16292.1576702,233.869537151,75083.3989167,14338.2513352,0.104219968562
350,MANH+W,Always,2,0,119,1067,1186,18278.9060239,132.579705512,83467.3303134,16293.9405037,0.116647740276
351,MANH+W,Always,2,0,119,1067,1186,16505.951704,167.798430223,67070.9844445,13253.9824609,0.105136137754
352,MANH+W,Always,2,0,119,1067,1186,17278.848863,310.856506348,85402.9381698,16289.0538541,0.106897158488
353,MANH+W,Always,2,0,119,1067,1186,17445.6742929,157.093264974,88002.3698838,17664.7620954,0.108228377024
354,MANH+W,Always,2,0,119,1067,1186,17339.6225639,241.233853971,94436.9353579,16061.6537956,0.109133470968
355,MANH+W,Always,2,0,119,1067,1186,17630.0601925,317.844277405,72521.0407203,16132.3681349,0.111406926058
356,MANH+W,Always,2,0,118,1068,1186,18985.4314119,200.818032011,96668.5484974,17184.7811584,0.115231778581
357,MANH+W,Always,2,0,118,1068,1186,16763.8325723,9.42287961033,94395.1502661,15093.8565602,0.105046083852
358,MANH+W,Always,2,0,118,1068,1186,16782.0458842,177.673110379,86536.1936151,14563.0925577,0.112569596857
359,MANH+W,Always,2,0,118,1068,1186,16378.1181456,276.238087267,71244.8384541,14333.7982013,0.106590486459
360,MANH+W,Always,3,0,119,1067,1186,17603.8493086,219.903138394,78227.5032499,15410.4424177,0.106046427152
361,MANH+W,Always,3,0,119,1067,1186,19151.6642117,325.882352943,87964.1364654,17619.6027199,0.11818884579
362,MANH+W,Always,3,0,119,1067,1186,16059.4544493,40.0890148658,77581.2205659,15646.8805414,0.0971756823465
363,MANH+W,Always,3,0,119,1067,1186,17931.4726253,57.0538680118,79511.2707473,15178.3662327,0.116721496404
364,MANH+W,Always,3,0,119,1067,1186,15651.9656894,836.119777851,77345.1005069,13970.0611914,0.100659360243
365,MANH+W,Always,3,0,119,1067,1186,16913.9877758,241.615208741,57242.5916367,13550.8816777,0.109545689116
366,MANH+W,Always,3,0,118,1068,1186,16280.5195563,2.19315146306,112258.750058,16124.1676716,0.108378343111
367,MANH+W,Always,3,0,118,1068,1186,15543.5373622,412.548121255,79113.3968766,13740.3596979,0.0968560719886
368,MANH+W,Always,3,0,118,1068,1186,16646.1989128,264.698638036,89421.4460704,17539.3547068,0.100608289959
369,MANH+W,Always,3,0,118,1068,1186,17805.790906,184.824356431,99480.8559386,16988.8452089,0.113987669196
370,MANH+W,Always,5,0,119,1067,1186,17119.4714502,128.226868267,71825.9139574,15379.2020293,0.105074489667
371,MANH+W,Always,5,0,119,1067,1186,15898.9081495,37.2586531966,99317.0540191,15796.2467007,0.101586567468
372,MANH+W,Always,5,0,119,1067,1186,17990.0094575,304.31857951,68374.1808551,13858.4090383,0.114693934124
373,MANH+W,Always,5,0,119,1067,1186,15687.5107639,128.945430068,93834.0700521,14664.5133834,0.0957055976806
374,MANH+W,Always,5,0,119,1067,1186,17813.4904495,479.73486542,116145.02373,17817.8761478,0.108107979002
375,MANH+W,Always,5,0,119,1067,1186,15944.0714212,446.805798958,87255.9508381,14344.209617,0.102445781113
376,MANH+W,Always,5,0,118,1068,1186,17569.5224642,594.118022701,79518.3875691,15249.5409279,0.11634159004
377,MANH+W,Always,5,0,118,1068,1186,18079.5982459,138.073569676,73497.7374986,16133.2424154,0.113071964652
378,MANH+W,Always,5,0,118,1068,1186,15239.9060608,35.2417770764,50949.9231368,12009.5303052,0.102826300209
379,MANH+W,Always,5,0,118,1068,1186,17872.3457934,471.595253026,84905.3461534,17087.995938,0.111979090816
380,MANH+W,Always,7,0,119,1067,1186,14765.052323,172.826379361,61652.4121379,12621.5605573,0.0985551674292
381,MANH+W,Always,7,0,119,1067,1186,17701.5882788,312.582853849,87192.8435126,14987.341497,0.113114244662
382,MANH+W,Always,7,0,119,1067,1186,16779.7613419,403.555249186,82220.4996991,13796.8565129,0.109018346437
383,MANH+W,Always,7,0,119,1067,1186,20841.4050985,276.369028891,108110.044322,21340.8997915,0.11848572012
384,MANH+W,Always,7,0,119,1067,1186,17104.8120143,298.846380713,88625.4780502,16271.3646836,0.109671669869
385,MANH+W,Always,7,0,119,1067,1186,18848.8129594,319.100328771,71882.0840757,15047.1611937,0.110429338999
386,MANH+W,Always,7,0,118,1068,1186,16291.2602012,191.15313698,87288.6034567,14023.711968,0.10472554213
387,MANH+W,Always,7,0,118,1068,1186,17200.2076393,471.546707292,95224.6654381,15184.0894111,0.118267504147
388,MANH+W,Always,7,0,118,1068,1186,17987.1235604,65.5274140548,69070.3604827,15096.7290897,0.114713449418
389,MANH+W,Always,7,0,118,1068,1186,17136.4964743,249.26147184,61685.3327135,14930.5931094,0.103540300585
390,MANH+W,Always,10,0,119,1067,1186,16076.1012871,114.995667873,72497.3158711,13656.0809255,0.102124130682
391,MANH+W,Always,10,0,119,1067,1186,16642.856754,21.6354866502,70306.5408742,13374.7102759,0.106889332554
392,MANH+W,Always,10,0,119,1067,1186,19070.033422,78.3883443453,86806.8415979,17135.4158195,0.11427588481
393,MANH+W,Always,10,0,119,1067,1186,18937.0989415,124.74625857,101364.031676,16571.0926583,0.117516740699
394,MANH+W,Always,10,0,119,1067,1186,18128.8707949,347.762403716,82002.6493232,14721.6265582,0.115622901489
395,MANH+W,Always,10,0,119,1067,1186,16631.3577636,29.5929086153,65671.7360172,13870.377018,0.108554395062
396,MANH+W,Always,10,0,118,1068,1186,19257.1068775,83.3098726782,82700.6975257,19000.5024214,0.124219564403
397,MANH+W,Always,10,0,118,1068,1186,18075.9713062,786.484102986,87737.3931903,14352.0243753,0.117906369158
398,MANH+W,Always,10,0,118,1068,1186,16355.1638346,131.450425812,76131.7034818,15404.1684333,0.104096608352
399,MANH+W,Always,10,0,118,1068,1186,18137.3255589,206.957293953,104706.566773,17019.2028728,0.112984629567
400,MANH+W,Never,2,0,119,1067,1067,17478.8943525,257.878455441,94436.9350037,15977.2199671,0.107441539864
401,MANH+W,Never,2,0,119,1067,1067,18734.6169862,129.033633193,74472.221201,16324.1307097,0.120124655264
402,MANH+W,Never,2,0,119,1067,1067,16267.6561375,177.673110379,83532.5471512,14033.1034665,0.108472891589
403,MANH+W,Never,2,0,119,1067,1067,20538.8494126,154.993709404,96669.1701926,17942.6736124,0.124568626893
404,MANH+W,Never,2,0,119,1067,1067,17492.5470993,191.902182404,85409.61698,15067.0076578,0.114398364753
405,MANH+W,Never,2,0,119,1067,1067,18221.2113866,1052.43934758,67070.9844445,15001.3035217,0.122455273226
406,MANH+W,Never,2,0,118,1068,1068,15195.6021574,9.39715062003,70079.0801001,12993.0401045,0.101169393042
407,MANH+W,Never,2,0,118,1068,1068,17236.7643672,167.798428865,86564.071083,16154.8617081,0.100683381132
408,MANH+W,Never,2,0,118,1068,1068,16410.2290104,191.955029093,94394.4850449,15595.5140277,0.100253636957
409,MANH+W,Never,2,0,118,1068,1068,17118.4402442,88.1920490036,88251.7075558,16777.8980111,0.106025239832
410,MANH+W,Never,3,0,119,1067,1067,17152.5536369,54.4118187129,56898.4033166,13976.7182074,0.110954221665
411,MANH+W,Never,3,0,119,1067,1067,18945.0516849,275.766410224,77948.6469055,16752.7541962,0.116340815254
412,MANH+W,Never,3,0,119,1067,1067,13787.940659,30.5556495831,64793.9536673,11496.7440678,0.0840678240539
413,MANH+W,Never,3,0,119,1067,1067,17320.1722469,72.5577204465,85777.7894191,15792.9812969,0.106226916533
414,MANH+W,Never,3,0,119,1067,1067,16500.9444463,28.3457162639,84242.2744699,16434.2489781,0.100203383543
415,MANH+W,Never,3,0,119,1067,1067,17492.1929364,39.1740133067,99505.489544,17527.325459,0.110390262275
416,MANH+W,Never,3,0,118,1068,1068,16318.7038258,70.0032521118,110667.840407,16074.8933939,0.101601829527
417,MANH+W,Never,3,0,118,1068,1068,18678.5564114,123.855787422,86428.9089503,16843.5706987,0.115140634281
418,MANH+W,Never,3,0,118,1068,1068,17434.1272912,181.429726003,76100.3205383,14388.7368221,0.117857431722
419,MANH+W,Never,3,0,118,1068,1068,16122.3219797,205.551953139,89421.21693,14160.6906877,0.107803068114
420,MANH+W,Never,5,0,119,1067,1067,15832.6000132,55.5946230242,73238.5045822,14590.4120513,0.0994726994464
421,MANH+W,Never,5,0,119,1067,1067,17495.1693959,138.874881002,93867.5013126,17628.4186933,0.106209003463
422,MANH+W,Never,5,0,119,1067,1067,16736.6783788,48.7649166589,81054.1891889,14734.8603278,0.103473362698
423,MANH+W,Never,5,0,119,1067,1067,17613.5571928,171.441591083,99316.9998473,16886.1731721,0.113222953795
424,MANH+W,Never,5,0,119,1067,1067,16205.0772038,15.0836888232,71094.1765469,12887.6714743,0.106066813529
425,MANH+W,Never,5,0,119,1067,1067,16189.2254849,35.2417770764,71367.2326951,12496.3473421,0.108002944001
426,MANH+W,Never,5,0,118,1068,1068,16059.7766554,89.9426201863,60671.7150392,15078.8733709,0.103899856019
427,MANH+W,Never,5,0,118,1068,1068,17616.8083997,465.745667456,114736.101156,18220.7278961,0.107738336051
428,MANH+W,Never,5,0,118,1068,1068,18593.5904428,29.7400616975,77521.8999195,15950.1263488,0.113032913234
429,MANH+W,Never,5,0,118,1068,1068,15922.2400121,478.381026564,80499.0998136,13830.0324358,0.101841346026
430,MANH+W,Never,7,0,119,1067,1067,16325.6033016,379.165794347,94923.1288321,15959.182885,0.106365248284
431,MANH+W,Never,7,0,119,1067,1067,18035.6956428,88.5310634958,88832.8731545,16415.5704754,0.108890443109
432,MANH+W,Never,7,0,119,1067,1067,17379.7330698,309.37119877,70925.0902578,14918.4119409,0.109444744043
433,MANH+W,Never,7,0,119,1067,1067,16801.8038871,579.091067105,56965.3934183,12676.2109164,0.107229492076
434,MANH+W,Never,7,0,119,1067,1067,19659.7602731,235.698878249,109346.499383,18249.6758727,0.119251555719
435,MANH+W,Never,7,0,119,1067,1067,16900.4279393,28.9260439046,60514.1940194,14625.678886,0.107691960277
436,MANH+W,Never,7,0,118,1068,1068,17178.5186779,393.603970107,101417.260828,17843.1646599,0.103514101062
437,MANH+W,Never,7,0,118,1068,1068,16632.5397062,2.11871351206,77771.4767387,14675.7612287,0.101865805735
438,MANH+W,Never,7,0,118,1068,1068,17054.2065579,301.404413515,76059.0092222,14126.8528561,0.110624430793
439,MANH+W,Never,7,0,118,1068,1068,17020.9657915,86.5291846851,61064.1521827,13248.5029729,0.113289768638
440,MANH+W,Never,10,0,119,1067,1067,17288.608812,158.243153353,109523.859392,16289.5522848,0.110821312489
441,MANH+W,Never,10,0,119,1067,1067,17943.2036426,148.442687359,82539.0638759,16790.3429069,0.11290640096
442,MANH+W,Never,10,0,119,1067,1067,17099.8725102,124.010980979,77849.7803255,14399.9263077,0.10837194706
443,MANH+W,Never,10,0,119,1067,1067,18996.4781386,386.662617894,83280.8403765,18062.7594068,0.112983837324
444,MANH+W,Never,10,0,119,1067,1067,16619.0510054,48.6200833158,85248.8532341,16390.9028008,0.105798733845
445,MANH+W,Never,10,0,119,1067,1067,17557.1580396,580.009912942,87369.1394225,17736.362935,0.10985366257
446,MANH+W,Never,10,0,118,1068,1068,18284.1198894,107.913278414,84303.1192839,15439.0161545,0.117590594079
447,MANH+W,Never,10,0,118,1068,1068,15193.9820473,23.4760934155,64867.3464186,12376.7199616,0.101492126629
448,MANH+W,Never,10,0,118,1068,1068,17752.6897533,283.404958894,62741.5331612,14355.8262163,0.11375673218
449,MANH+W,Never,10,0,118,1068,1068,18087.1828529,107.983351539,103923.515555,17060.2018072,0.112120058842
450,MANH,Regular,2,0,119,1067,1164,16815.4597975,0.0,61723.5263853,13116.6380728,0.111876771977
451,MANH,Regular,2,0,119,1067,1165,17115.7871621,275.871597278,98225.919725,16836.0322225,0.121186291121
452,MANH,Regular,2,0,119,1067,1174,16572.7858516,340.757941526,99635.6255557,17757.1676102,0.102174261114
453,MANH,Regular,2,0,119,1067,1167,16525.7342898,308.134734098,67070.9806091,13823.2940689,0.111930253466
454,MANH,Regular,2,0,119,1067,1168,18752.2772576,210.307995089,90392.0326723,17103.3244756,0.115502540592
455,MANH,Regular,2,0,119,1067,1165,18824.3462937,38.2514913482,100374.85319,18524.1279121,0.112478450819
456,MANH,Regular,2,0,118,1068,1164,19451.6590841,281.26477826,89875.2473464,17560.0074838,0.121469611916
457,MANH,Regular,2,0,118,1068,1168,20979.9393029,9.39715062003,87040.1870293,16316.8969953,0.132629388539
458,MANH,Regular,2,0,118,1068,1162,20795.7226779,459.12968215,118217.017555,22280.1781663,0.125198907919
459,MANH,Regular,2,0,118,1068,1164,20287.2325369,257.878455441,103655.408412,18166.219219,0.125179998478
460,MANH,Regular,3,0,119,1067,1179,18599.4374489,289.751319332,68828.2697982,15857.5910303,0.12445969376
461,MANH,Regular,3,0,119,1067,1184,17514.8251733,109.973253921,75539.9725353,15913.7810697,0.112378602645
462,MANH,Regular,3,0,119,1067,1181,16771.4279694,479.865565396,67030.480502,12845.6281141,0.103737795828
463,MANH,Regular,3,0,119,1067,1182,17740.4092773,43.5300226254,91255.6383621,17547.860752,0.109737409798
464,MANH,Regular,3,0,119,1067,1183,16684.2709016,31.7685226674,80174.6895043,14435.8354134,0.107057162083
465,MANH,Regular,3,0,119,1067,1182,18559.2936882,268.77908628,96508.04564,17829.5237714,0.111717809292
466,MANH,Regular,3,0,118,1068,1183,19376.4202854,427.518794786,100712.363629,15940.3244786,0.121054794677
467,MANH,Regular,3,0,118,1068,1182,22133.7166436,885.831251466,100857.580957,22135.9355193,0.133673946374
468,MANH,Regular,3,0,118,1068,1183,18236.5059066,43.5843025522,116013.795542,17173.5829309,0.122821081632
469,MANH,Regular,3,0,118,1068,1184,15866.8726583,309.357738852,77178.1961288,13478.5545512,0.104148892323
470,MANH,Regular,5,0,119,1067,1185,18507.9942344,149.554157689,96630.3898066,17246.5501357,0.122067550194
471,MANH,Regular,5,0,119,1067,1186,16828.4094435,115.978311431,73854.9412608,14631.2850866,0.108026658543
472,MANH,Regular,5,0,119,1067,1186,16375.3364453,66.8520840479,77040.2726952,14724.2228584,0.1048787793
473,MANH,Regular,5,0,119,1067,1186,16417.9434161,28.0386475354,75720.0632769,15190.5992824,0.104999426959
474,MANH,Regular,5,0,119,1067,1185,18076.9160959,1091.58854808,64555.5990926,14164.592234,0.105567939153
475,MANH,Regular,5,0,119,1067,1186,18397.7918974,476.974655081,78883.4344232,18566.3953124,0.109686668283
476,MANH,Regular,5,0,118,1068,1186,16539.7492542,37.1595187809,64044.9348688,13470.507717,0.111433540614
477,MANH,Regular,5,0,118,1068,1185,15919.851197,115.222078916,74351.7578334,13104.3503563,0.107891546708
478,MANH,Regular,5,0,118,1068,1186,20846.6505265,661.681489384,99712.446829,18597.7523021,0.126010595459
479,MANH,Regular,5,0,118,1068,1186,19159.6713936,25.2514604993,119449.180277,17494.0212008,0.124038079839
480,MANH,Regular,7,0,119,1067,1186,16282.0315031,54.1377715502,81184.0304145,15060.6799178,0.104426145995
481,MANH,Regular,7,0,119,1067,1186,17652.5200754,53.6400590063,68230.1097501,15185.6596112,0.120700456514
482,MANH,Regular,7,0,119,1067,1186,16666.5989749,72.59655571,80296.9425582,14988.4011734,0.104679443616
483,MANH,Regular,7,0,119,1067,1186,17206.5888315,139.475124988,117345.145209,16418.3909182,0.108696343691
484,MANH,Regular,7,0,119,1067,1186,17833.9965487,54.3230593274,75697.9968799,13297.7067549,0.112437044666
485,MANH,Regular,7,0,119,1067,1186,18507.653226,151.182359204,98022.1346035,16896.4669296,0.114726448291
486,MANH,Regular,7,0,118,1068,1186,17091.5412824,248.674960406,53716.4214789,13835.5491954,0.114527410834
487,MANH,Regular,7,0,118,1068,1186,20635.9170489,30.453536637,90428.9165657,19143.1130539,0.128519435151
488,MANH,Regular,7,0,118,1068,1186,19634.0523443,103.668253132,74864.486649,15565.3843195,0.122860112937
489,MANH,Regular,7,0,118,1068,1186,17252.3173528,332.127834928,89402.7805064,15639.8158048,0.110567653909
490,MANH,Regular,10,0,119,1067,1186,17379.9515429,143.841088814,70932.097744,14851.0607516,0.108706091503
491,MANH,Regular,10,0,119,1067,1186,18832.3656283,233.374854875,113712.555176,18233.0351567,0.116295180816
492,MANH,Regular,10,0,119,1067,1186,17324.7615157,1.10975668672,80917.4337985,15898.0426543,0.107275507698
493,MANH,Regular,10,0,119,1067,1186,16850.0278267,460.439687734,55347.5539721,12253.9955685,0.108230860815
494,MANH,Regular,10,0,119,1067,1186,20707.6172573,153.327085047,98049.2637737,19367.1238135,0.13197574743
495,MANH,Regular,10,0,119,1067,1186,19264.0695,42.8554414951,91048.6168356,18228.9915203,0.127516358693
496,MANH,Regular,10,0,118,1068,1186,17823.5232574,39.6609328004,58569.6219634,14665.7213035,0.119835216452
497,MANH,Regular,10,0,118,1068,1186,17885.0094285,106.820270922,97611.9143346,16635.764493,0.111905711197
498,MANH,Regular,10,0,118,1068,1186,18185.2614816,80.6836048283,59285.9614889,12687.7747501,0.118537577416
499,MANH,Regular,10,0,118,1068,1186,18745.6997053,256.199609895,76213.1691637,14632.434384,0.116328852366
500,MANH,Always,2,0,119,1067,1186,20388.4773971,13.2896664642,89876.2917261,18022.4296179,0.128090956609
501,MANH,Always,2,0,119,1067,1186,19618.3670037,282.029086137,86777.7709562,16582.5800359,0.13032300632
502,MANH,Always,2,0,119,1067,1186,18388.1465425,290.427439491,90125.6545331,16487.953283,0.115369518546
503,MANH,Always,2,0,119,1067,1186,16952.03685,6.07266071309,77302.743773,15637.8775022,0.106179797334
504,MANH,Always,2,0,119,1067,1186,19970.4288172,166.561320642,114998.206155,19121.2168754,0.126830827841
505,MANH,Always,2,0,119,1067,1186,17335.4042396,167.798428865,69610.5872454,15388.3134486,0.109213059743
506,MANH,Always,2,0,118,1068,1186,19746.3048484,331.872269563,118290.862956,17862.4875608,0.124668438809
507,MANH,Always,2,0,118,1068,1186,16514.3669502,154.993709404,99644.0446737,16989.4170349,0.103291838594
508,MANH,Always,2,0,118,1068,1186,18111.5886742,276.39391567,98215.535898,16515.7265487,0.127986142116
509,MANH,Always,2,0,118,1068,1186,20569.9872294,340.561857249,101181.861068,17895.4917033,0.12707973221
510,MANH,Always,3,0,119,1067,1186,17744.3998364,289.751319332,91205.9303932,16881.7771512,0.118660406147
511,MANH,Always,3,0,119,1067,1186,19146.9497096,632.662994592,100140.746494,18424.9804782,0.121684203463
512,MANH,Always,3,0,119,1067,1186,18064.3023091,53.8135432766,66515.6333605,14796.184392,0.111474598011
513,MANH,Always,3,0,119,1067,1186,18373.8424791,115.204676799,89326.5738868,15825.9787356,0.112341484267
514,MANH,Always,3,0,119,1067,1186,18353.0435527,243.888427017,116034.789665,17215.5491678,0.118497791353
515,MANH,Always,3,0,119,1067,1186,19895.6132257,190.702604433,84243.5512112,17768.1651784,0.125571732994
516,MANH,Always,3,0,118,1068,1186,17579.0214212,262.72981459,64083.308311,13633.2688437,0.120952330601
517,MANH,Always,3,0,118,1068,1186,18467.2988633,234.162303987,100847.887456,18906.3640668,0.114145102562
518,MANH,Always,3,0,118,1068,1186,16606.8698147,257.547897088,75378.2944201,14771.4783572,0.107142811912
519,MANH,Always,3,0,118,1068,1186,18345.0565505,244.068340635,79274.1345463,13622.7678947,0.11254298751
520,MANH,Always,5,0,119,1067,1186,16193.3487545,271.438115411,62716.2816851,13342.8942742,0.100809676782
521,MANH,Always,5,0,119,1067,1186,15907.1976535,183.476343372,79212.1656028,12742.9996714,0.104919483282
522,MANH,Always,5,0,119,1067,1186,18296.7520323,597.146500461,74281.3614404,16045.3051357,0.113982775909
523,MANH,Always,5,0,119,1067,1186,16511.057458,12.9194879142,62250.3783556,13864.7850864,0.108535378869
524,MANH,Always,5,0,119,1067,1186,19225.4068059,158.697795757,99164.0247347,16914.5922834,0.118010268671
525,MANH,Always,5,0,119,1067,1186,18266.6435188,178.918079255,96810.0593102,17790.3528639,0.116789938059
526,MANH,Always,5,0,118,1068,1186,17480.5418784,298.885507706,79803.5942819,15465.5998823,0.108202659844
527,MANH,Always,5,0,118,1068,1186,21199.4878038,76.6736342602,119632.37213,20849.0397043,0.137045105217
528,MANH,Always,5,0,118,1068,1186,15367.1849806,137.520736318,91278.3396031,14521.7627942,0.0995018962834
529,MANH,Always,5,0,118,1068,1186,18270.6587491,131.590437575,62069.225102,14599.1119515,0.113707392085
530,MANH,Always,7,0,119,1067,1186,19181.2135478,60.3973750401,76535.7051953,16187.652554,0.122036634822
531,MANH,Always,7,0,119,1067,1186,18748.7605219,689.92002895,109124.022549,16830.7078127,0.114638726032
532,MANH,Always,7,0,119,1067,1186,17168.9641816,325.89861443,71526.7436461,13656.5476622,0.112925224298
533,MANH,Always,7,0,119,1067,1186,19127.0424924,510.517953205,76728.8227126,16477.3590276,0.124495825716
534,MANH,Always,7,0,119,1067,1186,17839.8420993,310.154438828,54783.2365601,13465.4109722,0.113027286503
535,MANH,Always,7,0,119,1067,1186,17286.3597625,396.080164822,79644.0734735,16693.6856281,0.111335770818
536,MANH,Always,7,0,118,1068,1186,15678.4372719,277.328498251,54800.4424274,12866.9725047,0.106423401108
537,MANH,Always,7,0,118,1068,1186,17672.6682784,645.574546104,90939.9748455,16075.0582725,0.114902284442
538,MANH,Always,7,0,118,1068,1186,18191.5915564,71.205031694,74961.2189068,15595.9633085,0.110711442087
539,MANH,Always,7,0,118,1068,1186,18705.5018769,669.696891481,97010.8547447,19054.0095345,0.116800072478
540,MANH,Always,10,0,119,1067,1186,18748.0953274,45.6283956446,87040.0876578,18396.911547,0.110123845702
541,MANH,Always,10,0,119,1067,1186,18359.6886889,273.376361602,70129.534165,14126.8758618,0.115607519819
542,MANH,Always,10,0,119,1067,1186,16545.1244965,704.06420081,58216.4362227,12635.6254205,0.11250468331
543,MANH,Always,10,0,119,1067,1186,18293.8199423,342.628581643,65427.3727328,13546.1649616,0.11405761808
544,MANH,Always,10,0,119,1067,1186,18561.5500367,215.563024182,78990.2395746,16552.234724,0.119130753538
545,MANH,Always,10,0,119,1067,1186,18416.6006801,209.086055986,85177.8747718,18094.4418913,0.121090292896
546,MANH,Always,10,0,118,1068,1186,18139.3727113,106.764971112,98403.4494879,15059.2210718,0.12312275629
547,MANH,Always,10,0,118,1068,1186,19831.3500521,264.25283392,96461.960243,16493.4198626,0.125004629359
548,MANH,Always,10,0,118,1068,1186,18597.2792556,8.24054843285,116705.091449,18150.5508626,0.119394154138
549,MANH,Always,10,0,118,1068,1186,18433.8624419,338.255819225,92223.7664212,16064.7964557,0.112894359246
550,MANH,Never,2,0,119,1067,1067,18097.50757,38.2514913482,93365.8272915,16897.0201166,0.111458274722
551,MANH,Never,2,0,119,1067,1067,19175.89306,279.45595546,118281.256829,18478.6945341,0.112612614741
552,MANH,Never,2,0,119,1067,1067,19126.9773122,326.79218736,81411.5205889,17193.6957346,0.128327631927
553,MANH,Never,2,0,119,1067,1067,18084.9735573,117.588620514,99485.0088629,17591.970077,0.113195899776
554,MANH,Never,2,0,119,1067,1067,17788.4167357,6.34644191081,89860.8077216,16914.5546897,0.116531516379
555,MANH,Never,2,0,119,1067,1067,19568.5613697,258.149821333,99106.3137378,18896.9624628,0.122303215261
556,MANH,Never,2,0,118,1068,1068,19310.1414451,433.407929033,110309.806534,17785.1981688,0.131936566372
557,MANH,Never,2,0,118,1068,1068,19543.1745611,9.39715062003,114998.206155,20099.4813436,0.121936860961
558,MANH,Never,2,0,118,1068,1068,17506.7939477,261.290389479,71602.7541731,14639.6489274,0.115692273093
559,MANH,Never,2,0,118,1068,1068,17823.0804488,160.403332283,99639.6311736,15932.0283088,0.109466754124
560,MANH,Never,3,0,119,1067,1067,17194.4483931,513.607633051,101508.117352,17051.966333,0.111441738073
561,MANH,Never,3,0,119,1067,1067,18825.8429351,454.182557434,94187.9433084,16877.0643717,0.119139322611
562,MANH,Never,3,0,119,1067,1067,18663.1336455,467.570026986,93383.1444079,16817.343264,0.117675553967
563,MANH,Never,3,0,119,1067,1067,17305.5537872,263.454689872,75539.3379231,14211.4835265,0.115091166346
564,MANH,Never,3,0,119,1067,1067,20013.0551449,588.339387218,105157.556637,19733.2092024,0.120623243535
565,MANH,Never,3,0,119,1067,1067,17710.7335105,15.7147296538,96691.2679448,16052.6705743,0.108339478546
566,MANH,Never,3,0,118,1068,1068,17506.1019754,34.4920504089,92006.0252218,16204.6033783,0.113311936877
567,MANH,Never,3,0,118,1068,1068,17679.6203309,292.09989464,115622.407015,15453.1612405,0.119613972794
568,MANH,Never,3,0,118,1068,1068,15843.9676824,20.5691501641,78749.8321573,13971.0786611,0.100295332442
569,MANH,Never,3,0,118,1068,1068,18857.4631548,156.256936682,97454.6286289,16644.7796966,0.114630177617
570,MANH,Never,5,0,119,1067,1067,16569.5234138,436.346262528,96655.7436284,16248.4038468,0.101852820597
571,MANH,Never,5,0,119,1067,1067,18606.1257806,56.741373382,77704.9029473,15785.0724446,0.117360330207
572,MANH,Never,5,0,119,1067,1067,18810.6248447,133.636667803,103989.167064,19223.9674137,0.11655542899
573,MANH,Never,5,0,119,1067,1067,16727.0357315,142.546068977,119604.460095,16601.2151446,0.106821976466
574,MANH,Never,5,0,119,1067,1067,17044.6156357,24.1138878466,61979.4208244,13599.4439476,0.108002904887
575,MANH,Never,5,0,119,1067,1067,17364.9861293,68.6918031198,71576.9098291,15760.0332057,0.116420856677
576,MANH,Never,5,0,118,1068,1068,17368.5642686,90.6577853362,70326.8341736,13293.9965771,0.118074075424
577,MANH,Never,5,0,118,1068,1068,18441.0226014,140.238398353,78425.4897564,16288.5378917,0.117512233823
578,MANH,Never,5,0,118,1068,1068,16682.9162,22.676197311,80037.0421465,15903.95102,0.101191802589
579,MANH,Never,5,0,118,1068,1068,17718.3362933,404.107873329,82879.5042808,16027.2336265,0.110822215228
580,MANH,Never,7,0,119,1067,1067,18963.5030471,9.82646366511,93389.1546581,18564.9951531,0.120546140954
581,MANH,Never,7,0,119,1067,1067,15938.6218116,16.1945799283,76633.0350426,13795.4646232,0.100967750125
582,MANH,Never,7,0,119,1067,1067,18278.6293443,69.2035517536,66658.0761557,14369.7600135,0.112424255815
583,MANH,Never,7,0,119,1067,1067,17881.3479928,64.8680466092,67490.4350225,16313.6512874,0.112240098795
584,MANH,Never,7,0,119,1067,1067,17112.9101645,457.117634615,97122.7297054,15082.3416178,0.112816548492
585,MANH,Never,7,0,119,1067,1067,18315.8665345,2.25279357957,92560.409963,15637.8598408,0.11754426215
586,MANH,Never,7,0,118,1068,1068,15840.717855,104.608622499,114844.356711,17534.760474,0.101932754875
587,MANH,Never,7,0,118,1068,1068,16184.1547817,67.4086089872,73616.5685124,13421.9178768,0.109096344676
588,MANH,Never,7,0,118,1068,1068,16965.2915344,302.880521441,62567.03424,14053.5656459,0.110021749403
589,MANH,Never,7,0,118,1068,1068,20308.2396586,415.729433886,91008.2415383,17406.072918,0.119680580389
590,MANH,Never,10,0,119,1067,1067,17594.1428394,15.8912586485,63013.8914773,14514.6094389,0.11302100385
591,MANH,Never,10,0,119,1067,1067,17159.0106671,49.2139885672,77815.4703596,15277.8210049,0.109525617121
592,MANH,Never,10,0,119,1067,1067,17169.4886375,45.2825172326,115924.632894,16502.2926164,0.114183551633
593,MANH,Never,10,0,119,1067,1067,21377.7286338,262.141279385,80699.4666145,16170.3519579,0.13550682024
594,MANH,Never,10,0,119,1067,1067,17008.4827305,189.103343332,68209.1756072,14292.0478755,0.107832037416
595,MANH,Never,10,0,119,1067,1067,18379.7169064,167.592223404,80001.5596165,14556.9975364,0.117018093807
596,MANH,Never,10,0,118,1068,1068,19060.2464487,2.65854433356,97611.9143346,18705.2733415,0.114433654146
597,MANH,Never,10,0,118,1068,1068,18565.3734743,145.785810805,90525.935227,16591.968097,0.118078799668
598,MANH,Never,10,0,118,1068,1068,18426.7061205,105.562083757,83591.6175643,15781.7444507,0.114023871566
599,MANH,Never,10,0,118,1068,1068,16620.436893,125.460561571,78077.9620451,13650.7176501,0.1105081053
